drug_id,chemical_entity_id,relation_role,notes,created_at,updated_at
RDC00030,RAD0008,Radionuclide,,,
RDC00031,RAD0003,Radionuclide,,,
RDC00032,RAD0024,Radionuclide,,,
RDC00033,RAD0006,Radionuclide,,,
RDC00034,RAD0024,Radionuclide,,,
RDC00035,RAD0024,Radionuclide,,,
RDC00036,RAD0024,Radionuclide,,,
RDC00037,RAD0024,Radionuclide,,,
RDC00038,RAD0008,Radionuclide,,,
RDC00039,RAD0008,Radionuclide,,,
RDC00040,RAD0008,Radionuclide,,,
RDC00041,RAD0008,Radionuclide,,,
RDC00042,RAD0008,Radionuclide,,,
RDC00043,RAD0008,Radionuclide,,,
RDC00044,RAD0008,Radionuclide,,,
RDC00045,RAD0008,Radionuclide,,,
RDC00046,RAD0008,Radionuclide,,,
RDC00047,RAD0008,Radionuclide,,,
RDC00048,RAD0008,Radionuclide,,,
RDC00049,RAD0003,Radionuclide,,,
RDC00050,RAD0003,Radionuclide,,,
RDC00051,RAD0007,Radionuclide,,,
RDC00053,RAD0008,Radionuclide,,,
RDC00054,RAD0008,Radionuclide,,,
RDC00055,RAD0007,Radionuclide,,,
RDC00056,RAD0007,Radionuclide,,,
RDC00058,RAD0023,Radionuclide,,,
RDC00059,RAD0023,Radionuclide,,,
RDC00060,RAD0023,Radionuclide,,,
RDC00061,RAD0023,Radionuclide,,,
RDC00062,RAD0003,Radionuclide,,,
RDC00063,RAD0024,Radionuclide,,,
RDC00064,RAD0003,Radionuclide,,,
RDC00065,RAD0003,Radionuclide,,,
RDC00066,RAD0003,Radionuclide,,,
RDC00067,RAD0003,Radionuclide,,,
RDC00068,RAD0003,Radionuclide,,,
RDC00069,RAD0003,Radionuclide,,,
RDC00070,RAD0003,Radionuclide,,,
RDC00071,RAD0003,Radionuclide,,,
RDC00072,RAD0003,Radionuclide,,,
RDC00073,RAD0003,Radionuclide,,,
RDC00074,RAD0003,Radionuclide,,,
RDC00075,RAD0003,Radionuclide,,,
RDC00076,RAD0003,Radionuclide,,,
RDC00077,RAD0032,Radionuclide,,,
RDC00078,RAD0024,Radionuclide,,,
RDC00079,RAD0003,Radionuclide,,,
RDC00080,RAD0032,Radionuclide,,,
RDC00081,RAD0024,Radionuclide,,,
RDC00082,RAD0023,Radionuclide,,,
RDC00083,RAD0023,Radionuclide,,,
RDC00084,RAD0002,Radionuclide,,,
RDC00085,RAD0008,Radionuclide,,,
RDC00087,RAD0024,Radionuclide,,,
RDC00093,RAD0003,Radionuclide,,,
RDC00094,RAD0007,Radionuclide,,,
RDC00095,RAD0024,Radionuclide,,,
RDC00096,RAD0007,Radionuclide,,,
RDC00097,RAD0007,Radionuclide,,,
RDC00098,RAD0003,Radionuclide,,,
RDC00099,RAD0024,Radionuclide,,,
RDC00100,RAD0003,Radionuclide,,,
RDC00101,RAD0003,Radionuclide,,,
RDC00102,RAD0006,Radionuclide,,,
RDC00103,RAD0007,Radionuclide,,,
RDC00104,RAD0007,Radionuclide,,,
RDC00105,RAD0006,Radionuclide,,,
RDC00106,RAD0008,Radionuclide,,,
RDC00107,RAD0008,Radionuclide,,,
RDC00110,RAD0025,Radionuclide,,,
RDC00111,RAD0003,Radionuclide,,,
RDC00112,RAD0003,Radionuclide,,,
RDC00113,RAD0024,Radionuclide,,,
RDC00114,RAD0024,Radionuclide,,,
RDC00115,RAD0003,Radionuclide,,,
RDC00116,RAD0003,Radionuclide,,,
RDC00117,RAD0002,Radionuclide,,,
RDC00118,RAD0002,Radionuclide,,,
RDC00119,RAD0003,Radionuclide,,,
RDC00120,RAD0003,Radionuclide,,,
RDC00121,RAD0003,Radionuclide,,,
RDC00122,RAD0008,Radionuclide,,,
RDC00123,RAD0004,Radionuclide,,,
RDC00124,RAD0003,Radionuclide,,,
RDC00127,RAD0002,Radionuclide,,,
RDC00128,RAD0002,Radionuclide,,,
RDC00129,RAD0001,Radionuclide,,,
RDC00131,RAD0008,Radionuclide,,,
RDC00132,RAD0008,Radionuclide,,,
RDC00133,RAD0003,Radionuclide,,,
RDC00134,RAD0025,Radionuclide,,,
RDC00135,RAD0004,Radionuclide,,,
RDC00136,RAD0003,Radionuclide,,,
RDC00137,RAD0008,Radionuclide,,,
RDC00138,RAD0008,Radionuclide,,,
RDC00139,RAD0007,Radionuclide,,,
RDC00140,RAD0008,Radionuclide,,,
RDC00142,RAD0007,Radionuclide,,,
RDC00144,RAD0023,Radionuclide,,,
RDC00147,RAD0023,Radionuclide,,,
RDC00148,RAD0023,Radionuclide,,,
RDC00149,RAD0002,Radionuclide,,,
RDC00150,RAD0002,Radionuclide,,,
RDC00151,RAD0002,Radionuclide,,,
RDC00152,RAD0003,Radionuclide,,,
RDC00153,RAD0024,Radionuclide,,,
RDC00154,RAD0003,Radionuclide,,,
RDC00155,RAD0024,Radionuclide,,,
RDC00156,RAD0003,Radionuclide,,,
RDC00157,RAD0003,Radionuclide,,,
RDC00158,RAD0024,Radionuclide,,,
RDC00159,RAD0024,Radionuclide,,,
RDC00160,RAD0023,Radionuclide,,,
RDC00161,RAD0023,Radionuclide,,,
RDC00162,RAD0008,Radionuclide,,,
RDC00163,RAD0008,Radionuclide,,,
RDC00164,RAD0003,Radionuclide,,,
RDC00165,RAD0024,Radionuclide,,,
RDC00166,RAD0003,Radionuclide,,,
RDC00167,RAD0003,Radionuclide,,,
RDC00168,RAD0003,Radionuclide,,,
RDC00169,RAD0003,Radionuclide,,,
RDC00173,RAD0008,Radionuclide,,,
RDC00174,RAD0007,Radionuclide,,,
RDC00175,RAD0007,Radionuclide,,,
RDC00176,RAD0002,Radionuclide,,,
RDC00177,RAD0002,Radionuclide,,,
RDC00179,RAD0002,Radionuclide,,,
RDC00181,RAD0002,Radionuclide,,,
RDC00182,RAD0002,Radionuclide,,,
RDC00183,RAD0003,Radionuclide,,,
RDC00184,RAD0003,Radionuclide,,,
RDC00185,RAD0008,Radionuclide,,,
RDC00186,RAD0005,Radionuclide,,,
RDC00187,RAD0005,Radionuclide,,,
RDC00188,RAD0005,Radionuclide,,,
RDC00189,RAD0005,Radionuclide,,,
RDC00191,RAD0008,Radionuclide,,,
RDC00192,RAD0002,Radionuclide,,,
RDC00193,RAD0002,Radionuclide,,,
RDC00194,RAD0024,Radionuclide,,,
RDC00195,RAD0003,Radionuclide,,,
RDC00196,RAD0008,Radionuclide,,,
RDC00197,RAD0023,Radionuclide,,,
RDC00202,RAD0008,Radionuclide,,,
RDC00198,RAD0008,Radionuclide,,,
RDC00199,RAD0024,Radionuclide,,,
RDC00200,RAD0006,Radionuclide,,,
RDC00201,RAD0024,Radionuclide,,,
RDC00204,RAD0024,Radionuclide,,,
RDC00205,RAD0024,Radionuclide,,,
RDC00206,RAD0024,Radionuclide,,,
RDC00207,RAD0003,Radionuclide,,,
RDC00208,RAD0003,Radionuclide,,,
RDC00209,RAD0003,Radionuclide,,,
RDC00210,RAD0002,Radionuclide,,,
RDC00211,RAD0003,Radionuclide,,,
RDC00212,RAD0003,Radionuclide,,,
RDC00213,RAD0003,Radionuclide,,,
RDC00214,RAD0003,Radionuclide,,,
RDC00215,RAD0003,Radionuclide,,,
RDC00216,RAD0005,Radionuclide,,,
RDC00221,RAD0008,Radionuclide,,,
RDC00222,RAD0008,Radionuclide,,,
RDC00223,RAD0008,Radionuclide,,,
RDC00229,RAD0024,Radionuclide,,,
RDC00230,RAD0024,Radionuclide,,,
RDC00231,RAD0003,Radionuclide,,,
RDC00232,RAD0003,Radionuclide,,,
RDC00233,RAD0003,Radionuclide,,,
RDC00234,RAD0003,Radionuclide,,,
RDC00235,RAD0003,Radionuclide,,,
RDC00236,RAD0005,Radionuclide,,,
RDC00237,RAD0003,Radionuclide,,,
RDC00238,RAD0003,Radionuclide,,,
RDC00239,RAD0024,Radionuclide,,,
RDC00240,RAD0008,Radionuclide,,,
RDC00241,RAD0023,Radionuclide,,,
RDC00242,RAD0003,Radionuclide,,,
RDC00244,RAD0002,Radionuclide,,,
RDC00245,RAD0024,Radionuclide,,,
RDC00247,RAD0005,Radionuclide,,,
RDC00248,RAD0003,Radionuclide,,,
RDC00249,RAD0003,Radionuclide,,,
RDC00250,RAD0024,Radionuclide,,,
RDC00251,RAD0008,Radionuclide,,,
RDC00252,RAD0007,Radionuclide,,,
RDC00253,RAD0007,Radionuclide,,,
RDC00254,RAD0004,Radionuclide,,,
RDC00255,RAD0004,Radionuclide,,,
RDC00256,RAD0004,Radionuclide,,,
RDC00260,RAD0003,Radionuclide,,,
RDC00261,RAD0003,Radionuclide,,,
RDC00263,RAD0003,Radionuclide,,,
RDC00264,RAD0024,Radionuclide,,,
RDC00265,RAD0008,Radionuclide,,,
RDC00266,RAD0008,Radionuclide,,,
RDC00274,RAD0003,Radionuclide,,,
RDC00277,RAD0003,Radionuclide,,,
RDC00285,RAD0024,Radionuclide,,,
RDC00286,RAD0002,Radionuclide,,,
RDC00288,RAD0005,Radionuclide,,,
RDC00290,RAD0008,Radionuclide,,,
RDC00327,RAD0003,Radionuclide,,,
RDC00328,RAD0008,Radionuclide,,,
RDC00330,RAD0003,Radionuclide,,,
RDC00329,RAD0003,Radionuclide,,,
RDC00336,RAD0002,Radionuclide,,,
RDC00337,RAD0002,Radionuclide,,,
RDC00338,RAD0003,Radionuclide,,,
RDC00342,RAD0023,Radionuclide,,,
RDC00343,RAD0002,Radionuclide,,,
RDC00341,RAD0003,Radionuclide,,,
RDC00348,RAD0003,Radionuclide,,,
RDC00349,RAD0002,Radionuclide,,,
RDC00350,RAD0023,Radionuclide,,,
RDC00353,RAD0002,Radionuclide,,,
RDC00357,RAD0023,Radionuclide,,,
RDC00358,RAD0002,Radionuclide,,,
RDC00359,RAD0002,Radionuclide,,,
RDC00369,RAD0023,Radionuclide,,,
RDC00371,RAD0003,Radionuclide,,,
RDC00372,RAD0003,Radionuclide,,,
RDC00374,RAD0008,Radionuclide,,,
RDC00376,RAD0002,Radionuclide,,,
RDC00377,RAD0002,Radionuclide,,,
RDC00378,RAD0003,Radionuclide,,,
RDC00379,RAD0003,Radionuclide,,,
RDC00380,RAD0003,Radionuclide,,,
RDC00381,RAD0003,Radionuclide,,,
RDC00382,RAD0008,Radionuclide,,,
RDC00383,RAD0003,Radionuclide,,,
RDC00384,RAD0003,Radionuclide,,,
RDC00385,RAD0003,Radionuclide,,,
RDC00386,RAD0003,Radionuclide,,,
RDC00387,RAD0007,Radionuclide,,,
RDC00389,RAD0002,Radionuclide,,,
RDC00390,RAD0002,Radionuclide,,,
RDC00391,RAD0008,Radionuclide,,,
RDC00392,RAD0008,Radionuclide,,,
RDC00394,RAD0002,Radionuclide,,,
RDC00397,RAD0002,Radionuclide,,,
RDC00398,RAD0008,Radionuclide,,,
RDC00399,RAD0008,Radionuclide,,,
RDC00402,RAD0008,Radionuclide,,,
RDC00403,RAD0002,Radionuclide,,,
RDC00406,RAD0008,Radionuclide,,,
RDC00407,RAD0007,Radionuclide,,,
RDC00408,RAD0007,Radionuclide,,,
RDC00409,RAD0007,Radionuclide,,,
RDC00410,RAD0007,Radionuclide,,,
RDC00411,RAD0023,Radionuclide,,,
RDC00412,RAD0023,Radionuclide,,,
RDC00413,RAD0023,Radionuclide,,,
RDC00416,RAD0007,Radionuclide,,,
RDC00417,RAD0007,Radionuclide,,,
RDC00419,RAD0008,Radionuclide,,,
RDC00423,RAD0003,Radionuclide,,,
RDC00424,RAD0002,Radionuclide,,,
RDC00425,RAD0002,Radionuclide,,,
RDC00426,RAD0008,Radionuclide,,,
RDC00427,RAD0003,Radionuclide,,,
RDC00431,RAD0020,Radionuclide,,,
RDC00435,RAD0003,Radionuclide,,,
RDC00437,RAD0003,Radionuclide,,,
RDC00438,RAD0002,Radionuclide,,,
RDC00439,RAD0008,Radionuclide,,,
RDC00440,RAD0008,Radionuclide,,,
RDC00443,RAD0002,Radionuclide,,,
RDC00444,RAD0008,Radionuclide,,,
RDC00445,RAD0007,Radionuclide,,,
RDC00447,RAD0002,Radionuclide,,,
RDC00448,RAD0024,Radionuclide,,,
RDC00449,RAD0024,Radionuclide,,,
RDC00451,RAD0002,Radionuclide,,,
RDC00453,RAD0007,Radionuclide,,,
RDC00456,RAD0002,Radionuclide,,,
RDC00457,RAD0002,Radionuclide,,,
RDC00461,RAD0008,Radionuclide,,,
RDC00462,RAD0001,Radionuclide,,,
RDC00467,RAD0002,Radionuclide,,,
RDC00469,RAD0007,Radionuclide,,,
RDC00468,RAD0024,Radionuclide,,,
RDC00480,RAD0002,Radionuclide,,,
RDC00483,RAD0008,Radionuclide,,,
RDC00487,RAD0008,Radionuclide,,,
RDC00486,RAD0008,Radionuclide,,,
RDC00488,RAD0008,Radionuclide,,,
RDC00489,RAD0008,Radionuclide,,,
RDC00494,RAD0002,Radionuclide,,,
RDC00495,RAD0007,Radionuclide,,,
RDC00497,RAD0007,Radionuclide,,,
RDC00500,RAD0002,Radionuclide,,,
RDC00501,RAD0007,Radionuclide,,,
RDC00504,RAD0002,Radionuclide,,,
RDC00515,RAD0007,Radionuclide,,,
RDC00516,RAD0024,Radionuclide,,,
RDC00517,RAD0002,Radionuclide,,,
RDC00518,RAD0024,Radionuclide,,,
RDC00519,RAD0024,Radionuclide,,,
RDC00520,RAD0002,Radionuclide,,,
RDC00521,RAD0024,Radionuclide,,,
RDC00522,RAD0031,Radionuclide,,,
RDC00523,RAD0005,Radionuclide,,,
RDC00524,RAD0023,Radionuclide,,,
RDC00525,RAD0001,Radionuclide,,,
RDC00528,RAD0002,Radionuclide,,,
RDC00529,RAD0002,Radionuclide,,,
RDC00530,RAD0003,Radionuclide,,,
RDC00531,RAD0002,Radionuclide,,,
RDC00533,RAD0005,Radionuclide,,,
RDC00534,RAD0005,Radionuclide,,,
RDC00535,RAD0003,Radionuclide,,,
RDC00536,RAD0030,Radionuclide,,,
RDC00537,RAD0003,Radionuclide,,,
RDC00538,RAD0003,Radionuclide,,,
RDC00539,RAD0003,Radionuclide,,,
RDC00540,RAD0008,Radionuclide,,,
RDC00542,RAD0005,Radionuclide,,,
RDC00543,RAD0006,Radionuclide,,,
RDC00544,RAD0005,Radionuclide,,,
RDC00545,RAD0005,Radionuclide,,,
RDC00546,RAD0002,Radionuclide,,,
RDC00547,RAD0003,Radionuclide,,,
RDC00548,RAD0008,Radionuclide,,,
RDC00549,RAD0008,Radionuclide,,,
RDC00551,RAD0002,Radionuclide,,,
RDC00552,RAD0008,Radionuclide,,,
RDC00553,RAD0008,Radionuclide,,,
RDC00554,RAD0005,Radionuclide,,,
RDC00555,RAD0005,Radionuclide,,,
RDC00556,RAD0026,Radionuclide,,,
RDC00557,RAD0026,Radionuclide,,,
RDC00558,RAD0005,Radionuclide,,,
RDC00563,RAD0008,Radionuclide,,,
RDC00564,RAD0008,Radionuclide,,,
RDC00566,RAD0023,Radionuclide,,,
RDC00567,RAD0023,Radionuclide,,,
RDC00569,RAD0005,Radionuclide,,,
RDC00570,RAD0005,Radionuclide,,,
RDC00571,RAD0024,Radionuclide,,,
RDC00572,RAD0005,Radionuclide,,,
RDC00573,RAD0008,Radionuclide,,,
RDC00574,RAD0032,Radionuclide,,,
RDC00575,RAD0024,Radionuclide,,,
RDC00576,RAD0002,Radionuclide,,,
RDC00577,RAD0008,Radionuclide,,,
RDC00578,RAD0008,Radionuclide,,,
RDC00579,RAD0007,Radionuclide,,,
RDC00580,RAD0007,Radionuclide,,,
RDC00581,RAD0003,Radionuclide,,,
RDC00582,RAD0005,Radionuclide,,,
RDC00583,RAD0003,Radionuclide,,,
RDC00584,RAD0003,Radionuclide,,,
RDC00585,RAD0024,Radionuclide,,,
RDC00586,RAD0008,Radionuclide,,,
RDC00605,RAD0031,Radionuclide,,,
RDC00611,RAD0007,Radionuclide,,,
RDC00612,RAD0007,Radionuclide,,,
RDC00613,RAD0007,Radionuclide,,,
RDC00618,RAD0025,Radionuclide,,,
RDC00622,RAD0007,Radionuclide,,,
RDC00623,RAD0002,Radionuclide,,,
RDC00624,RAD0024,Radionuclide,,,
RDC00625,RAD0007,Radionuclide,,,
RDC00626,RAD0007,Radionuclide,,,
RDC00627,RAD0007,Radionuclide,,,
RDC00628,RAD0041,Radionuclide,,,
RDC00629,RAD0004,Radionuclide,,,
RDC00631,RAD0006,Radionuclide,,,
RDC00632,RAD0004,Radionuclide,,,
RDC00633,RAD0007,Radionuclide,,,
RDC00637,RAD0008,Radionuclide,,,
RDC00639,RAD0008,Radionuclide,,,
RDC00642,RAD0002,Radionuclide,,,
RDC00643,RAD0002,Radionuclide,,,
RDC00646,RAD0008,Radionuclide,,,
RDC00650,RAD0002,Radionuclide,,,
RDC00652,RAD0007,Radionuclide,,,
RDC00653,RAD0024,Radionuclide,,,
RDC00654,RAD0045,Radionuclide,,,
RDC00655,RAD0003,Radionuclide,,,
RDC00656,RAD0008,Radionuclide,,,
RDC00657,RAD0024,Radionuclide,,,
RDC00658,RAD0008,Radionuclide,,,
RDC00659,RAD0024,Radionuclide,,,
RDC00661,RAD0032,Radionuclide,,,
RDC00662,RAD0008,Radionuclide,,,
RDC00663,RAD0008,Radionuclide,,,
RDC00666,RAD0008,Radionuclide,,,
RDC00667,RAD0024,Radionuclide,,,
RDC00669,RAD0025,Radionuclide,,,
RDC00670,RAD0006,Radionuclide,,,
RDC00671,RAD0008,Radionuclide,,,
RDC00673,RAD0003,Radionuclide,,,
RDC00674,RAD0024,Radionuclide,,,
RDC00641,RAD0020,Radionuclide,,,
RDC00676,RAD0007,Radionuclide,,,
RDC00679,RAD0008,Radionuclide,,,
RDC00680,RAD0002,Radionuclide,,,
RDC00681,RAD0003,Radionuclide,,,
RDC00682,RAD0002,Radionuclide,,,
RDC00683,RAD0003,Radionuclide,,,
RDC00684,RAD0003,Radionuclide,,,
RDC00685,RAD0003,Radionuclide,,,
RDC00686,RAD0003,Radionuclide,,,
RDC00687,RAD0002,Radionuclide,,,
RDC00689,RAD0008,Radionuclide,,,
RDC00691,RAD0031,Radionuclide,,,
RDC00692,RAD0006,Radionuclide,,,
RDC00696,RAD0002,Radionuclide,,,
RDC00608,RAD0020,Radionuclide,,,
RDC00698,RAD0003,Radionuclide,,,
RDC00699,RAD0036,Radionuclide,,,
RDC00700,RAD0024,Radionuclide,,,
RDC00701,RAD0024,Radionuclide,,,
RDC00702,RAD0024,Radionuclide,,,
RDC00703,RAD0024,Radionuclide,,,
RDC00704,RAD0024,Radionuclide,,,
RDC00705,RAD0026,Radionuclide,,,
RDC00706,RAD0024,Radionuclide,,,
RDC00707,RAD0027,Radionuclide,,,
RDC00708,RAD0027,Radionuclide,,,
RDC00709,RAD0027,Radionuclide,,,
RDC00710,RAD0027,Radionuclide,,,
RDC00711,RAD0024,Radionuclide,,,
RDC00712,RAD0026,Radionuclide,,,
RDC00713,RAD0001,Radionuclide,,,
RDC00715,RAD0007,Radionuclide,,,
RDC00716,RAD0007,Radionuclide,,,
RDC00717,RAD0007,Radionuclide,,,
RDC00718,RAD0007,Radionuclide,,,
RDC00719,RAD0007,Radionuclide,,,
RDC00720,RAD0007,Radionuclide,,,
RDC00721,RAD0026,Radionuclide,,,
RDC00722,RAD0027,Radionuclide,,,
RDC00723,RAD0026,Radionuclide,,,
RDC00724,RAD0005,Radionuclide,,,
RDC00725,RAD0005,Radionuclide,,,
RDC00726,RAD0003,Radionuclide,,,
RDC00727,RAD0003,Radionuclide,,,
RDC00728,RAD0023,Radionuclide,,,
RDC00729,RAD0002,Radionuclide,,,
RDC00672,RAD0024,Radionuclide,,,
RDC00730,RAD0001,Radionuclide,,,
RDC00731,RAD0044,Radionuclide,,,
RDC00732,RAD0044,Radionuclide,,,
RDC00733,RAD0042,Radionuclide,,,
RDC00734,RAD0003,Radionuclide,,,
RDC00735,RAD0002,Radionuclide,,,
RDC00736,RAD0005,Radionuclide,,,
RDC00737,RAD0033,Radionuclide,,,
RDC00738,RAD0033,Radionuclide,,,
RDC00739,RAD0003,Radionuclide,,,
RDC00740,RAD0003,Radionuclide,,,
RDC00741,RAD0036,Radionuclide,,,
RDC00743,RAD0003,Radionuclide,,,
RDC00744,RAD0008,Radionuclide,,,
RDC00745,RAD0034,Radionuclide,,,
RDC00746,RAD0019,Radionuclide,,,
RDC00777,RAD0046,Radionuclide,,,
RDC00778,RAD0046,Radionuclide,,,
RDC00779,RAD0046,Radionuclide,,,
RDC00780,RAD0046,Radionuclide,,,
RDC00781,RAD0024,Radionuclide,,,
RDC00782,RAD0007,Radionuclide,,,
RDC00783,RAD0007,Radionuclide,,,
RDC00784,RAD0003,Radionuclide,,,
RDC00785,RAD0003,Radionuclide,,,
RDC00786,RAD0023,Radionuclide,,,
RDC00787,RAD0008,Radionuclide,,,
RDC00788,RAD0008,Radionuclide,,,
RDC00789,RAD0008,Radionuclide,,,
RDC00790,RAD0008,Radionuclide,,,
RDC00791,RAD0008,Radionuclide,,,
RDC00792,RAD0024,Radionuclide,,,
RDC00793,RAD0024,Radionuclide,,,
RDC00794,RAD0024,Radionuclide,,,
RDC00797,RAD0023,Radionuclide,,,
RDC00798,RAD0003,Radionuclide,,,
RDC00799,RAD0024,Radionuclide,,,
RDC00800,RAD0003,Radionuclide,,,
RDC00801,RAD0005,Radionuclide,,,
RDC00802,RAD0024,Radionuclide,,,
RDC00803,RAD0024,Radionuclide,,,
RDC00804,RAD0024,Radionuclide,,,
RDC00805,RAD0020,Radionuclide,,,
RDC00806,RAD0020,Radionuclide,,,
RDC00807,RAD0003,Radionuclide,,,
RDC00808,RAD0003,Radionuclide,,,
RDC00809,RAD0003,Radionuclide,,,
RDC00810,RAD0024,Radionuclide,,,
RDC00811,RAD0024,Radionuclide,,,
RDC00812,RAD0024,Radionuclide,,,
RDC00813,RAD0023,Radionuclide,,,
RDC00814,RAD0002,Radionuclide,,,
RDC00815,RAD0002,Radionuclide,,,
RDC00816,RAD0008,Radionuclide,,,
RDC00817,RAD0008,Radionuclide,,,
RDC00818,RAD0008,Radionuclide,,,
RDC00820,RAD0003,Radionuclide,,,
RDC00821,RAD0001,Radionuclide,,,
RDC00822,RAD0024,Radionuclide,,,
RDC00823,RAD0024,Radionuclide,,,
RDC00824,RAD0024,Radionuclide,,,
RDC00825,RAD0003,Radionuclide,,,
RDC00826,RAD0003,Radionuclide,,,
RDC00827,RAD0024,Radionuclide,,,
RDC00828,RAD0003,Radionuclide,,,
RDC00829,RAD0023,Radionuclide,,,
RDC00830,RAD0003,Radionuclide,,,
RDC00831,RAD0024,Radionuclide,,,
RDC00832,RAD0007,Radionuclide,,,
RDC00833,RAD0007,Radionuclide,,,
RDC00834,RAD0007,Radionuclide,,,
RDC00836,RAD0023,Radionuclide,,,
RDC00837,RAD0023,Radionuclide,,,
RDC00838,RAD0003,Radionuclide,,,
RDC00839,RAD0003,Radionuclide,,,
RDC00840,RAD0003,Radionuclide,,,
RDC00841,RAD0024,Radionuclide,,,
RDC00842,RAD0048,Radionuclide,,,
RDC00843,RAD0003,Radionuclide,,,
RDC00844,RAD0003,Radionuclide,,,
RDC00845,RAD0003,Radionuclide,,,
RDC00846,RAD0003,Radionuclide,,,
RDC00847,RAD0024,Radionuclide,,,
RDC00848,RAD0026,Radionuclide,,,
RDC00849,RAD0019,Radionuclide,,,
RDC00850,RAD0003,Radionuclide,,,
RDC00851,RAD0024,Radionuclide,,,
RDC00852,RAD0003,Radionuclide,,,
RDC00854,RAD0026,Radionuclide,,,
RDC00855,RAD0024,Radionuclide,,,
RDC00856,RAD0002,Radionuclide,,,
RDC00857,RAD0002,Radionuclide,,,
RDC00858,RAD0003,Radionuclide,,,
RDC00860,RAD0003,Radionuclide,,,
RDC00861,RAD0024,Radionuclide,,,
RDC00862,RAD0024,Radionuclide,,,
RDC00863,RAD0008,Radionuclide,,,
RDC00865,RAD0026,Radionuclide,,,
RDC00866,RAD0003,Radionuclide,,,
RDC00867,RAD0024,Radionuclide,,,
RDC00868,RAD0003,Radionuclide,,,
RDC00869,RAD0024,Radionuclide,,,
RDC00870,RAD0003,Radionuclide,,,
RDC00871,RAD0003,Radionuclide,,,
RDC00872,RAD0003,Radionuclide,,,
RDC00873,RAD0023,Radionuclide,,,
RDC00874,RAD0023,Radionuclide,,,
RDC00875,RAD0003,Radionuclide,,,
RDC00876,RAD0003,Radionuclide,,,
RDC00877,RAD0003,Radionuclide,,,
RDC00878,RAD0003,Radionuclide,,,
RDC00879,RAD0024,Radionuclide,,,
RDC00880,RAD0024,Radionuclide,,,
RDC00881,RAD0008,Radionuclide,,,
RDC00882,RAD0008,Radionuclide,,,
RDC00883,RAD0008,Radionuclide,,,
RDC00884,RAD0008,Radionuclide,,,
RDC00885,RAD0008,Radionuclide,,,
RDC00886,RAD0024,Radionuclide,,,
RDC00887,RAD0003,Radionuclide,,,
RDC00888,RAD0003,Radionuclide,,,
RDC00889,RAD0003,Radionuclide,,,
RDC00890,RAD0003,Radionuclide,,,
RDC00891,RAD0003,Radionuclide,,,
RDC00892,RAD0003,Radionuclide,,,
RDC00893,RAD0003,Radionuclide,,,
RDC00894,RAD0024,Radionuclide,,,
RDC00895,RAD0003,Radionuclide,,,
RDC00896,RAD0003,Radionuclide,,,
RDC00897,RAD0002,Radionuclide,,,
RDC00898,RAD0003,Radionuclide,,,
RDC00899,RAD0003,Radionuclide,,,
RDC00900,RAD0003,Radionuclide,,,
RDC00901,RAD0003,Radionuclide,,,
RDC00902,RAD0024,Radionuclide,,,
RDC00903,RAD0003,Radionuclide,,,
RDC00904,RAD0023,Radionuclide,,,
RDC00905,RAD0023,Radionuclide,,,
RDC00906,RAD0023,Radionuclide,,,
RDC00908,RAD0003,Radionuclide,,,
RDC00909,RAD0003,Radionuclide,,,
RDC00910,RAD0008,Radionuclide,,,
RDC00911,RAD0005,Radionuclide,,,
RDC00912,RAD0005,Radionuclide,,,
RDC00913,RAD0024,Radionuclide,,,
RDC00914,RAD0003,Radionuclide,,,
RDC00915,RAD0003,Radionuclide,,,
RDC00916,RAD0005,Radionuclide,,,
RDC00917,RAD0005,Radionuclide,,,
RDC00918,RAD0003,Radionuclide,,,
RDC00919,RAD0003,Radionuclide,,,
RDC00925,RAD0003,Radionuclide,,,
RDC00927,RAD0003,Radionuclide,,,
RDC00928,RAD0005,Radionuclide,,,
RDC00929,RAD0005,Radionuclide,,,
RDC00934,RAD0003,Radionuclide,,,
RDC00935,RAD0003,Radionuclide,,,
RDC00936,RAD0003,Radionuclide,,,
RDC00937,RAD0003,Radionuclide,,,
RDC00938,RAD0003,Radionuclide,,,
RDC00941,RAD0003,Radionuclide,,,
RDC00942,RAD0003,Radionuclide,,,
RDC00943,RAD0023,Radionuclide,,,
RDC00944,RAD0003,Radionuclide,,,
RDC00945,RAD0023,Radionuclide,,,
RDC00946,RAD0003,Radionuclide,,,
RDC00947,RAD0023,Radionuclide,,,
RDC00948,RAD0003,Radionuclide,,,
RDC00949,RAD0003,Radionuclide,,,
RDC00950,RAD0003,Radionuclide,,,
RDC00951,RAD0023,Radionuclide,,,
RDC00952,RAD0003,Radionuclide,,,
RDC00953,RAD0003,Radionuclide,,,
RDC00954,RAD0003,Radionuclide,,,
RDC00955,RAD0003,Radionuclide,,,
RDC00956,RAD0003,Radionuclide,,,
RDC00957,RAD0003,Radionuclide,,,
RDC00958,RAD0003,Radionuclide,,,
RDC00959,RAD0003,Radionuclide,,,
RDC00960,RAD0003,Radionuclide,,,
RDC00961,RAD0003,Radionuclide,,,
RDC00962,RAD0003,Radionuclide,,,
RDC00963,RAD0003,Radionuclide,,,
RDC00964,RAD0003,Radionuclide,,,
RDC00965,RAD0003,Radionuclide,,,
RDC00966,RAD0003,Radionuclide,,,
RDC00967,RAD0003,Radionuclide,,,
RDC00969,RAD0003,Radionuclide,,,
RDC00970,RAD0003,Radionuclide,,,
RDC00971,RAD0003,Radionuclide,,,
RDC00972,RAD0003,Radionuclide,,,
RDC00973,RAD0005,Radionuclide,,,
RDC00976,RAD0003,Radionuclide,,,
RDC00977,RAD0023,Radionuclide,,,
RDC00978,RAD0003,Radionuclide,,,
RDC00980,RAD0003,Radionuclide,,,
RDC00981,RAD0024,Radionuclide,,,
RDC00984,RAD0003,Radionuclide,,,
RDC00986,RAD0003,Radionuclide,,,
RDC00988,RAD0005,Radionuclide,,,
RDC00989,RAD0005,Radionuclide,,,
RDC00990,RAD0003,Radionuclide,,,
RDC00991,RAD0003,Radionuclide,,,
RDC00992,RAD0024,Radionuclide,,,
RDC00993,RAD0003,Radionuclide,,,
RDC00995,RAD0003,Radionuclide,,,
RDC00998,RAD0005,Radionuclide,,,
RDC00999,RAD0003,Radionuclide,,,
RDC01001,RAD0003,Radionuclide,,,
RDC01002,RAD0002,Radionuclide,,,
RDC01003,RAD0024,Radionuclide,,,
RDC01004,RAD0002,Radionuclide,,,
RDC01005,RAD0005,Radionuclide,,,
RDC01006,RAD0024,Radionuclide,,,
RDC01007,RAD0005,Radionuclide,,,
RDC01008,RAD0024,Radionuclide,,,
RDC01009,RAD0007,Radionuclide,,,
RDC01010,RAD0005,Radionuclide,,,
RDC01011,RAD0024,Radionuclide,,,
RDC01012,RAD0003,Radionuclide,,,
RDC01013,RAD0003,Radionuclide,,,
RDC01014,RAD0002,Radionuclide,,,
RDC01031,RAD0003,Radionuclide,,,
RDC01040,RAD0003,Radionuclide,,,
RDC02554,RAD0024,Radionuclide,,,
RDC02559,RAD0003,Radionuclide,,,
RDC01070,RAD0003,Radionuclide,,,
RDC01082,RAD0002,Radionuclide,,,
RDC01084,RAD0003,Radionuclide,,,
RDC01088,RAD0005,Radionuclide,,,
RDC00479,RAD0008,Radionuclide,,,
RDC01150,RAD0003,Radionuclide,,,
RDC01152,RAD0003,Radionuclide,,,
RDC01015,RAD0008,Radionuclide,,,
RDC01016,RAD0023,Radionuclide,,,
RDC01017,RAD0002,Radionuclide,,,
RDC01019,RAD0003,Radionuclide,,,
RDC01020,RAD0005,Radionuclide,,,
RDC01021,RAD0024,Radionuclide,,,
RDC01022,RAD0005,Radionuclide,,,
RDC01024,RAD0003,Radionuclide,,,
RDC01025,RAD0024,Radionuclide,,,
RDC01026,RAD0002,Radionuclide,,,
RDC01027,RAD0007,Radionuclide,,,
RDC01028,RAD0002,Radionuclide,,,
RDC01029,RAD0024,Radionuclide,,,
RDC01032,RAD0005,Radionuclide,,,
RDC01033,RAD0005,Radionuclide,,,
RDC01034,RAD0005,Radionuclide,,,
RDC01035,RAD0005,Radionuclide,,,
RDC01036,RAD0002,Radionuclide,,,
RDC01039,RAD0003,Radionuclide,,,
RDC01041,RAD0003,Radionuclide,,,
RDC01042,RAD0003,Radionuclide,,,
RDC01043,RAD0005,Radionuclide,,,
RDC01044,RAD0005,Radionuclide,,,
RDC01045,RAD0005,Radionuclide,,,
RDC01050,RAD0005,Radionuclide,,,
RDC01052,RAD0002,Radionuclide,,,
RDC01056,RAD0003,Radionuclide,,,
RDC01057,RAD0003,Radionuclide,,,
RDC01060,RAD0023,Radionuclide,,,
RDC01061,RAD0007,Radionuclide,,,
RDC01062,RAD0007,Radionuclide,,,
RDC01063,RAD0007,Radionuclide,,,
RDC01064,RAD0005,Radionuclide,,,
RDC01065,RAD0007,Radionuclide,,,
RDC01066,RAD0024,Radionuclide,,,
RDC01067,RAD0024,Radionuclide,,,
RDC01068,RAD0007,Radionuclide,,,
RDC01069,RAD0024,Radionuclide,,,
RDC01083,RAD0024,Radionuclide,,,
RDC01085,RAD0002,Radionuclide,,,
RDC01086,RAD0002,Radionuclide,,,
RDC01087,RAD0002,Radionuclide,,,
RDC01089,RAD0008,Radionuclide,,,
RDC01090,RAD0008,Radionuclide,,,
RDC01091,RAD0008,Radionuclide,,,
RDC01092,RAD0008,Radionuclide,,,
RDC01095,RAD0023,Radionuclide,,,
RDC01096,RAD0023,Radionuclide,,,
RDC01097,RAD0003,Radionuclide,,,
RDC01101,RAD0023,Radionuclide,,,
RDC01105,RAD0003,Radionuclide,,,
RDC01106,RAD0023,Radionuclide,,,
RDC01107,RAD0023,Radionuclide,,,
RDC01108,RAD0003,Radionuclide,,,
RDC01109,RAD0023,Radionuclide,,,
RDC01110,RAD0023,Radionuclide,,,
RDC01111,RAD0003,Radionuclide,,,
RDC01112,RAD0003,Radionuclide,,,
RDC01113,RAD0003,Radionuclide,,,
RDC01114,RAD0003,Radionuclide,,,
RDC01115,RAD0002,Radionuclide,,,
RDC01116,RAD0005,Radionuclide,,,
RDC01117,RAD0025,Radionuclide,,,
RDC01119,RAD0023,Radionuclide,,,
RDC01120,RAD0003,Radionuclide,,,
RDC01121,RAD0003,Radionuclide,,,
RDC01122,RAD0023,Radionuclide,,,
RDC01123,RAD0003,Radionuclide,,,
RDC01125,RAD0023,Radionuclide,,,
RDC01126,RAD0023,Radionuclide,,,
RDC01129,RAD0039,Radionuclide,,,
RDC01130,RAD0039,Radionuclide,,,
RDC01133,RAD0023,Radionuclide,,,
RDC01135,RAD0003,Radionuclide,,,
RDC01136,RAD0003,Radionuclide,,,
RDC01137,RAD0003,Radionuclide,,,
RDC01138,RAD0002,Radionuclide,,,
RDC01139,RAD0002,Radionuclide,,,
RDC01140,RAD0002,Radionuclide,,,
RDC01141,RAD0002,Radionuclide,,,
RDC01142,RAD0002,Radionuclide,,,
RDC01143,RAD0003,Radionuclide,,,
RDC01144,RAD0002,Radionuclide,,,
RDC01145,RAD0003,Radionuclide,,,
RDC01146,RAD0003,Radionuclide,,,
RDC01147,RAD0003,Radionuclide,,,
RDC01148,RAD0008,Radionuclide,,,
RDC01149,RAD0008,Radionuclide,,,
RDC01151,RAD0024,Radionuclide,,,
RDC01152,RAD0008,Radionuclide,,,
RDC01153,RAD0008,Radionuclide,,,
RDC01154,RAD0008,Radionuclide,,,
RDC01155,RAD0008,Radionuclide,,,
RDC01156,RAD0008,Radionuclide,,,
RDC01158,RAD0002,Radionuclide,,,
RDC01159,RAD0002,Radionuclide,,,
RDC01160,RAD0002,Radionuclide,,,
RDC01161,RAD0005,Radionuclide,,,
RDC01162,RAD0005,Radionuclide,,,
RDC01163,RAD0002,Radionuclide,,,
RDC01164,RAD0002,Radionuclide,,,
RDC01165,RAD0002,Radionuclide,,,
RDC01166,RAD0005,Radionuclide,,,
RDC01167,RAD0002,Radionuclide,,,
RDC01168,RAD0008,Radionuclide,,,
RDC01169,RAD0008,Radionuclide,,,
RDC01170,RAD0008,Radionuclide,,,
RDC01171,RAD0008,Radionuclide,,,
RDC01172,RAD0023,Radionuclide,,,
RDC01173,RAD0001,Radionuclide,,,
RDC01174,RAD0002,Radionuclide,,,
RDC01179,RAD0005,Radionuclide,,,
RDC01180,RAD0005,Radionuclide,,,
RDC01181,RAD0005,Radionuclide,,,
RDC01182,RAD0005,Radionuclide,,,
RDC01183,RAD0005,Radionuclide,,,
RDC01184,RAD0024,Radionuclide,,,
RDC01185,RAD0005,Radionuclide,,,
RDC01186,RAD0005,Radionuclide,,,
RDC01187,RAD0005,Radionuclide,,,
RDC01188,RAD0003,Radionuclide,,,
RDC01189,RAD0005,Radionuclide,,,
RDC01191,RAD0002,Radionuclide,,,
RDC01193,RAD0003,Radionuclide,,,
RDC01195,RAD0003,Radionuclide,,,
RDC01196,RAD0003,Radionuclide,,,
RDC01197,RAD0003,Radionuclide,,,
RDC01200,RAD0005,Radionuclide,,,
RDC01202,RAD0003,Radionuclide,,,
RDC01204,RAD0023,Radionuclide,,,
RDC01205,RAD0023,Radionuclide,,,
RDC01206,RAD0023,Radionuclide,,,
RDC01207,RAD0003,Radionuclide,,,
RDC01208,RAD0003,Radionuclide,,,
RDC01209,RAD0003,Radionuclide,,,
RDC01210,RAD0003,Radionuclide,,,
RDC01211,RAD0003,Radionuclide,,,
RDC01212,RAD0003,Radionuclide,,,
RDC01213,RAD0023,Radionuclide,,,
RDC01214,RAD0023,Radionuclide,,,
RDC01215,RAD0005,Radionuclide,,,
RDC01216,RAD0026,Radionuclide,,,
RDC01221,RAD0002,Radionuclide,,,
RDC01223,RAD0003,Radionuclide,,,
RDC01224,RAD0006,Radionuclide,,,
RDC01225,RAD0024,Radionuclide,,,
RDC01226,RAD0024,Radionuclide,,,
RDC01227,RAD0006,Radionuclide,,,
RDC01228,RAD0007,Radionuclide,,,
RDC01231,RAD0003,Radionuclide,,,
RDC01235,RAD0003,Radionuclide,,,
RDC01236,RAD0024,Radionuclide,,,
RDC01237,RAD0024,Radionuclide,,,
RDC01238,RAD0008,Radionuclide,,,
RDC01241,RAD0008,Radionuclide,,,
RDC01243,RAD0007,Radionuclide,,,
RDC01245,RAD0007,Radionuclide,,,
RDC01369,,Radionuclide,,,
RDC01247,RAD0008,Radionuclide,,,
RDC01248,RAD0008,Radionuclide,,,
RDC01250,RAD0008,Radionuclide,,,
RDC01251,RAD0005,Radionuclide,,,
RDC01253,RAD0025,Radionuclide,,,
RDC01256,RAD0003,Radionuclide,,,
RDC01257,RAD0003,Radionuclide,,,
RDC01258,RAD0003,Radionuclide,,,
RDC01262,RAD0010,Radionuclide,,,
RDC01267,RAD0007,Radionuclide,,,
RDC01269,RAD0007,Radionuclide,,,
RDC01271,RAD0008,Radionuclide,,,
RDC01279,RAD0031,Radionuclide,,,
RDC01287,RAD0008,Radionuclide,,,
RDC01288,RAD0007,Radionuclide,,,
RDC01289,RAD0003,Radionuclide,,,
RDC01290,RAD0003,Radionuclide,,,
RDC01291,RAD0008,Radionuclide,,,
RDC01292,RAD0008,Radionuclide,,,
RDC01293,RAD0008,Radionuclide,,,
RDC01268,RAD0002,Radionuclide,,,
RDC01295,RAD0002,Radionuclide,,,
RDC01296,RAD0002,Radionuclide,,,
RDC01297,RAD0002,Radionuclide,,,
RDC01298,RAD0002,Radionuclide,,,
RDC01302,RAD0007,Radionuclide,,,
RDC01305,RAD0016,Radionuclide,,,
RDC01306,RAD0005,Radionuclide,,,
RDC01307,RAD0008,Radionuclide,,,
RDC01309,RAD0003,Radionuclide,,,
RDC01310,RAD0002,Radionuclide,,,
RDC01311,RAD0007,Radionuclide,,,
RDC01313,RAD0007,Radionuclide,,,
RDC01314,RAD0007,Radionuclide,,,
RDC01566,RAD0023,Radionuclide,,,
RDC01315,RAD0008,Radionuclide,,,
RDC01316,RAD0023,Radionuclide,,,
RDC01317,RAD0008,Radionuclide,,,
RDC01318,RAD0008,Radionuclide,,,
RDC01319,RAD0008,Radionuclide,,,
RDC01320,RAD0008,Radionuclide,,,
RDC01321,RAD0008,Radionuclide,,,
RDC01322,RAD0008,Radionuclide,,,
RDC01324,RAD0007,Radionuclide,,,
RDC01325,RAD0003,Radionuclide,,,
RDC01326,RAD0005,Radionuclide,,,
RDC01328,RAD0024,Radionuclide,,,
RDC01329,RAD0025,Radionuclide,,,
RDC01330,RAD0025,Radionuclide,,,
RDC01333,RAD0003,Radionuclide,,,
RDC01334,RAD0003,Radionuclide,,,
RDC01335,RAD0003,Radionuclide,,,
RDC01336,RAD0003,Radionuclide,,,
RDC01337,RAD0007,Radionuclide,,,
RDC01338,RAD0007,Radionuclide,,,
RDC01339,RAD0026,Radionuclide,,,
RDC01340,RAD0008,Radionuclide,,,
RDC01341,RAD0003,Radionuclide,,,
RDC01342,RAD0024,Radionuclide,,,
RDC01343,RAD0008,Radionuclide,,,
RDC01344,RAD0008,Radionuclide,,,
RDC01345,RAD0020,Radionuclide,,,
RDC01346,RAD0020,Radionuclide,,,
RDC01347,RAD0023,Radionuclide,,,
RDC01348,RAD0023,Radionuclide,,,
RDC01349,RAD0023,Radionuclide,,,
RDC01350,RAD0003,Radionuclide,,,
RDC01351,RAD0003,Radionuclide,,,
RDC01352,RAD0003,Radionuclide,,,
RDC01353,RAD0007,Radionuclide,,,
RDC01354,RAD0007,Radionuclide,,,
RDC01355,RAD0007,Radionuclide,,,
RDC01356,RAD0007,Radionuclide,,,
RDC01357,RAD0007,Radionuclide,,,
RDC01358,RAD0007,Radionuclide,,,
RDC01359,RAD0007,Radionuclide,,,
RDC01360,RAD0007,Radionuclide,,,
RDC01362,RAD0019,Radionuclide,,,
RDC01363,RAD0007,Radionuclide,,,
RDC01364,RAD0024,Radionuclide,,,
RDC01365,RAD0031,Radionuclide,,,
RDC01567,RAD0023,Radionuclide,,,
RDC01568,RAD0026,Radionuclide,,,
RDC01569,RAD0002,Radionuclide,,,
RDC01370,RAD0009,Radionuclide,,,
RDC01371,RAD0009,Radionuclide,,,
RDC01372,RAD0002,Radionuclide,,,
RDC01259,RAD0001,Radionuclide,,,
RDC01374,RAD0003,Radionuclide,,,
RDC01375,RAD0026,Radionuclide,,,
RDC01380,RAD0003,Radionuclide,,,
RDC01381,RAD0008,Radionuclide,,,
RDC01383,RAD0024,Radionuclide,,,
RDC01384,RAD0024,Radionuclide,,,
RDC01385,RAD0008,Radionuclide,,,
RDC01390,RAD0007,Radionuclide,,,
RDC01391,RAD0003,Radionuclide,,,
RDC01392,RAD0025,Radionuclide,,,
RDC01393,RAD0031,Radionuclide,,,
RDC01395,RAD0008,Radionuclide,,,
RDC01396,RAD0003,Radionuclide,,,
RDC01397,RAD0003,Radionuclide,,,
RDC01398,RAD0003,Radionuclide,,,
RDC01399,RAD0024,Radionuclide,,,
RDC01400,RAD0024,Radionuclide,,,
RDC01401,RAD0024,Radionuclide,,,
RDC01402,RAD0024,Radionuclide,,,
RDC01403,RAD0024,Radionuclide,,,
RDC01404,RAD0007,Radionuclide,,,
RDC01405,RAD0006,Radionuclide,,,
RDC01406,RAD0003,Radionuclide,,,
RDC01407,RAD0003,Radionuclide,,,
RDC01408,RAD0008,Radionuclide,,,
RDC01415,RAD0003,Radionuclide,,,
RDC01373,RAD0003,Radionuclide,,,
RDC01414,RAD0003,Radionuclide,,,
RDC01418,RAD0026,Radionuclide,,,
RDC01419,RAD0008,Radionuclide,,,
RDC01420,RAD0008,Radionuclide,,,
RDC01421,RAD0008,Radionuclide,,,
RDC01422,RAD0008,Radionuclide,,,
RDC01423,RAD0008,Radionuclide,,,
RDC01424,RAD0008,Radionuclide,,,
RDC01425,RAD0008,Radionuclide,,,
RDC01426,RAD0008,Radionuclide,,,
RDC01431,RAD0024,Radionuclide,,,
RDC01432,RAD0003,Radionuclide,,,
RDC01433,RAD0003,Radionuclide,,,
RDC01435,RAD0007,Radionuclide,,,
RDC01436,RAD0026,Radionuclide,,,
RDC01437,RAD0007,Radionuclide,,,
RDC01438,RAD0026,Radionuclide,,,
RDC01439,RAD0049,Radionuclide,,,
RDC01440,RAD0049,Radionuclide,,,
RDC01441,RAD0049,Radionuclide,,,
RDC01442,RAD0003,Radionuclide,,,
RDC01443,RAD0024,Radionuclide,,,
RDC01444,RAD0001,Radionuclide,,,
RDC01445,RAD0023,Radionuclide,,,
RDC01446,RAD0024,Radionuclide,,,
RDC01447,RAD0046,Radionuclide,,,
RDC01448,RAD0003,Radionuclide,,,
RDC01450,RAD0024,Radionuclide,,,
RDC01451,RAD0024,Radionuclide,,,
RDC01452,RAD0025,Radionuclide,,,
RDC01453,RAD0024,Radionuclide,,,
RDC01454,RAD0024,Radionuclide,,,
RDC01455,RAD0024,Radionuclide,,,
RDC01456,RAD0024,Radionuclide,,,
RDC01457,RAD0024,Radionuclide,,,
RDC01458,RAD0024,Radionuclide,,,
RDC01459,RAD0007,Radionuclide,,,
RDC01460,RAD0007,Radionuclide,,,
RDC01462,RAD0024,Radionuclide,,,
RDC01463,RAD0024,Radionuclide,,,
RDC01465,RAD0003,Radionuclide,,,
RDC01466,RAD0005,Radionuclide,,,
RDC01467,RAD0005,Radionuclide,,,
RDC01559,RAD0003,Radionuclide,,,
RDC01560,RAD0003,Radionuclide,,,
RDC01561,RAD0003,Radionuclide,,,
RDC01562,RAD0003,Radionuclide,,,
RDC01563,RAD0003,Radionuclide,,,
RDC01468,RAD0003,Radionuclide,,,
RDC01469,RAD0030,Radionuclide,,,
RDC01470,RAD0003,Radionuclide,,,
RDC01471,RAD0003,Radionuclide,,,
RDC01472,RAD0023,Radionuclide,,,
RDC01473,RAD0019,Radionuclide,,,
RDC01474,RAD0024,Radionuclide,,,
RDC01475,RAD0019,Radionuclide,,,
RDC01476,RAD0007,Radionuclide,,,
RDC01477,RAD0007,Radionuclide,,,
RDC01478,RAD0024,Radionuclide,,,
RDC01480,RAD0024,Radionuclide,,,
RDC01481,RAD0008,Radionuclide,,,
RDC01482,RAD0028,Radionuclide,,,
RDC01483,RAD0028,Radionuclide,,,
RDC01484,RAD0028,Radionuclide,,,
RDC01485,RAD0028,Radionuclide,,,
RDC01487,RAD0003,Radionuclide,,,
RDC01488,RAD0003,Radionuclide,,,
RDC01492,RAD0024,Radionuclide,,,
RDC01493,RAD0024,Radionuclide,,,
RDC01494,RAD0024,Radionuclide,,,
RDC01495,RAD0024,Radionuclide,,,
RDC01496,RAD0024,Radionuclide,,,
RDC01497,RAD0008,Radionuclide,,,
RDC01498,RAD0024,Radionuclide,,,
RDC01500,RAD0017,Radionuclide,,,
RDC01501,RAD0017,Radionuclide,,,
RDC01502,RAD0051,Radionuclide,,,
RDC01503,RAD0007,Radionuclide,,,
RDC01504,RAD0024,Radionuclide,,,
RDC01505,RAD0008,Radionuclide,,,
RDC01506,RAD0008,Radionuclide,,,
RDC01507,RAD0020,Radionuclide,,,
RDC01508,RAD0020,Radionuclide,,,
RDC01509,RAD0002,Radionuclide,,,
RDC01510,RAD0002,Radionuclide,,,
RDC01511,RAD0023,Radionuclide,,,
RDC01512,RAD0008,Radionuclide,,,
RDC01513,RAD0008,Radionuclide,,,
RDC01514,RAD0008,Radionuclide,,,
RDC01515,RAD0008,Radionuclide,,,
RDC01516,RAD0008,Radionuclide,,,
RDC01517,RAD0008,Radionuclide,,,
RDC01564,RAD0024,Radionuclide,,,
RDC01565,RAD0024,Radionuclide,,,
RDC01518,RAD0008,Radionuclide,,,
RDC01520,RAD0003,Radionuclide,,,
RDC01521,RAD0003,Radionuclide,,,
RDC01522,RAD0003,Radionuclide,,,
RDC01524,RAD0024,Radionuclide,,,
RDC01525,RAD0024,Radionuclide,,,
RDC01526,RAD0024,Radionuclide,,,
RDC01527,RAD0024,Radionuclide,,,
RDC01528,RAD0024,Radionuclide,,,
RDC01529,RAD0024,Radionuclide,,,
RDC01531,RAD0024,Radionuclide,,,
RDC01499,,Radionuclide,,,
RDC01532,RAD0003,Radionuclide,,,
RDC01533,RAD0026,Radionuclide,,,
RDC01534,RAD0027,Radionuclide,,,
RDC01537,RAD0003,Radionuclide,,,
RDC01538,RAD0008,Radionuclide,,,
RDC01540,RAD0008,Radionuclide,,,
RDC01541,RAD0026,Radionuclide,,,
RDC01543,RAD0024,Radionuclide,,,
RDC01544,RAD0008,Radionuclide,,,
RDC01545,RAD0021,Radionuclide,,,
RDC01546,RAD0022,Radionuclide,,,
RDC01547,RAD0008,Radionuclide,,,
RDC01548,RAD0008,Radionuclide,,,
RDC01549,RAD0008,Radionuclide,,,
RDC01550,RAD0008,Radionuclide,,,
RDC01552,RAD0008,Radionuclide,,,
RDC01553,RAD0008,Radionuclide,,,
RDC01554,RAD0008,Radionuclide,,,
RDC01555,RAD0008,Radionuclide,,,
RDC01556,RAD0008,Radionuclide,,,
RDC01557,RAD0008,Radionuclide,,,
RDC01558,RAD0008,Radionuclide,,,
RDC01409,RAD0024,Radionuclide,,,
RDC01600,RAD0006,Radionuclide,,,
RDC01603,RAD0007,Radionuclide,,,
RDC01604,RAD0007,Radionuclide,,,
RDC01605,RAD0031,Radionuclide,,,
RDC01606,RAD0008,Radionuclide,,,
RDC01609,RAD0027,Radionuclide,,,
RDC01610,RAD0032,Radionuclide,,,
RDC01611,RAD0024,Radionuclide,,,
RDC01612,RAD0008,Radionuclide,,,
RDC01613,RAD0008,Radionuclide,,,
RDC01614,RAD0008,Radionuclide,,,
RDC01615,RAD0007,Radionuclide,,,
RDC01616,RAD0032,Radionuclide,,,
RDC01620,RAD0008,Radionuclide,,,
RDC01622,RAD0007,Radionuclide,,,
RDC01625,RAD0005,Radionuclide,,,
RDC01626,RAD0002,Radionuclide,,,
RDC01627,RAD0024,Radionuclide,,,
RDC01628,RAD0024,Radionuclide,,,
RDC01631,RAD0024,Radionuclide,,,
RDC01632,RAD0024,Radionuclide,,,
RDC01633,RAD0003,Radionuclide,,,
RDC01634,RAD0008,Radionuclide,,,
RDC01635,RAD0003,Radionuclide,,,
RDC01637,RAD0003,Radionuclide,,,
RDC01638,RAD0007,Radionuclide,,,
RDC01639,RAD0002,Radionuclide,,,
RDC01640,RAD0002,Radionuclide,,,
RDC01641,RAD0002,Radionuclide,,,
RDC01642,RAD0024,Radionuclide,,,
RDC01644,RAD0002,Radionuclide,,,
RDC01645,RAD0007,Radionuclide,,,
RDC01646,RAD0007,Radionuclide,,,
RDC01647,RAD0024,Radionuclide,,,
RDC01648,RAD0052,Radionuclide,,,
RDC01649,RAD0023,Radionuclide,,,
RDC01650,RAD0026,Radionuclide,,,
RDC01651,RAD0026,Radionuclide,,,
RDC01652,RAD0024,Radionuclide,,,
RDC01653,RAD0033,Radionuclide,,,
RDC01654,RAD0024,Radionuclide,,,
RDC01655,RAD0025,Radionuclide,,,
RDC01656,RAD0003,Radionuclide,,,
RDC01657,RAD0005,Radionuclide,,,
RDC01658,RAD0003,Radionuclide,,,
RDC01659,RAD0023,Radionuclide,,,
RDC01660,RAD0007,Radionuclide,,,
RDC01662,RAD0005,Radionuclide,,,
RDC01663,RAD0005,Radionuclide,,,
RDC01664,RAD0026,Radionuclide,,,
RDC01665,RAD0008,Radionuclide,,,
RDC01666,RAD0008,Radionuclide,,,
RDC01667,RAD0008,Radionuclide,,,
RDC01668,RAD0002,Radionuclide,,,
RDC01669,RAD0002,Radionuclide,,,
RDC01670,RAD0003,Radionuclide,,,
RDC01673,RAD0025,Radionuclide,,,
RDC01674,RAD0025,Radionuclide,,,
RDC01677,RAD0024,Radionuclide,,,
RDC01678,RAD0007,Radionuclide,,,
RDC01679,RAD0007,Radionuclide,,,
RDC01680,RAD0007,Radionuclide,,,
RDC01681,RAD0007,Radionuclide,,,
RDC01682,RAD0003,Radionuclide,,,
RDC01683,RAD0003,Radionuclide,,,
RDC01684,RAD0003,Radionuclide,,,
RDC01685,RAD0003,Radionuclide,,,
RDC01686,RAD0007,Radionuclide,,,
RDC01687,RAD0007,Radionuclide,,,
RDC01688,RAD0003,Radionuclide,,,
RDC01689,RAD0003,Radionuclide,,,
RDC01695,RAD0024,Radionuclide,,,
RDC01696,RAD0024,Radionuclide,,,
RDC01697,RAD0005,Radionuclide,,,
RDC01698,RAD0005,Radionuclide,,,
RDC01699,RAD0002,Radionuclide,,,
RDC01700,RAD0002,Radionuclide,,,
RDC01701,RAD0024,Radionuclide,,,
RDC01702,RAD0002,Radionuclide,,,
RDC01703,RAD0002,Radionuclide,,,
RDC01704,RAD0007,Radionuclide,,,
RDC01707,RAD0008,Radionuclide,,,
RDC01708,RAD0008,Radionuclide,,,
RDC01710,RAD0024,Radionuclide,,,
RDC01711,RAD0008,Radionuclide,,,
RDC01712,RAD0031,Radionuclide,,,
RDC01713,RAD0031,Radionuclide,,,
RDC01714,RAD0003,Radionuclide,,,
RDC01716,RAD0005,Radionuclide,,,
RDC01717,RAD0005,Radionuclide,,,
RDC01718,RAD0005,Radionuclide,,,
RDC01719,RAD0007,Radionuclide,,,
RDC01720,RAD0008,Radionuclide,,,
RDC01721,RAD0007,Radionuclide,,,
RDC01723,RAD0007,Radionuclide,,,
RDC01724,RAD0006,Radionuclide,,,
RDC01725,RAD0006,Radionuclide,,,
RDC01726,RAD0002,Radionuclide,,,
RDC01727,RAD0003,Radionuclide,,,
RDC01729,RAD0008,Radionuclide,,,
RDC01730,RAD0008,Radionuclide,,,
RDC01731,RAD0008,Radionuclide,,,
RDC01740,RAD0005,Radionuclide,,,
RDC01741,RAD0024,Radionuclide,,,
RDC01742,RAD0024,Radionuclide,,,
RDC01743,RAD0024,Radionuclide,,,
RDC01744,RAD0024,Radionuclide,,,
RDC01745,RAD0024,Radionuclide,,,
RDC01746,RAD0008,Radionuclide,,,
RDC01747,RAD0036,Radionuclide,,,
RDC01748,RAD0023,Radionuclide,,,
RDC01749,RAD0008,Radionuclide,,,
RDC01750,RAD0008,Radionuclide,,,
RDC01751,RAD0008,Radionuclide,,,
RDC01752,RAD0024,Radionuclide,,,
RDC01753,RAD0002,Radionuclide,,,
RDC01754,RAD0036,Radionuclide,,,
RDC01755,RAD0005,Radionuclide,,,
RDC01756,RAD0026,Radionuclide,,,
RDC01757,RAD0005,Radionuclide,,,
RDC01758,RAD0007,Radionuclide,,,
RDC01759,RAD0024,Radionuclide,,,
RDC01760,RAD0024,Radionuclide,,,
RDC01761,RAD0008,Radionuclide,,,
RDC01763,RAD0008,Radionuclide,,,
RDC01764,RAD0024,Radionuclide,,,
RDC01765,RAD0024,Radionuclide,,,
RDC01766,RAD0005,Radionuclide,,,
RDC01767,RAD0008,Radionuclide,,,
RDC01768,RAD0008,Radionuclide,,,
RDC01769,RAD0008,Radionuclide,,,
RDC01770,RAD0008,Radionuclide,,,
RDC01772,RAD0003,Radionuclide,,,
RDC01775,RAD0008,Radionuclide,,,
RDC01776,RAD0024,Radionuclide,,,
RDC01777,RAD0026,Radionuclide,,,
RDC01779,RAD0008,Radionuclide,,,
RDC01780,RAD0008,Radionuclide,,,
RDC01781,RAD0008,Radionuclide,,,
RDC01782,RAD0025,Radionuclide,,,
RDC01783,RAD0025,Radionuclide,,,
RDC01784,RAD0025,Radionuclide,,,
RDC01785,RAD0007,Radionuclide,,,
RDC01788,RAD0007,Radionuclide,,,
RDC01789,RAD0007,Radionuclide,,,
RDC01790,RAD0007,Radionuclide,,,
RDC01791,RAD0008,Radionuclide,,,
RDC01792,RAD0008,Radionuclide,,,
RDC01793,RAD0008,Radionuclide,,,
RDC01794,RAD0008,Radionuclide,,,
RDC01795,RAD0008,Radionuclide,,,
RDC01796,RAD0008,Radionuclide,,,
RDC01797,RAD0030,Radionuclide,,,
RDC01799,RAD0007,Radionuclide,,,
RDC01802,RAD0023,Radionuclide,,,
RDC01807,RAD0034,Radionuclide,,,
RDC01808,RAD0034,Radionuclide,,,
RDC01809,RAD0008,Radionuclide,,,
RDC01810,RAD0008,Radionuclide,,,
RDC01811,RAD0008,Radionuclide,,,
RDC01812,RAD0007,Radionuclide,,,
RDC01813,RAD0007,Radionuclide,,,
RDC01814,RAD0007,Radionuclide,,,
RDC01815,RAD0024,Radionuclide,,,
RDC01816,RAD0007,Radionuclide,,,
RDC01817,RAD0007,Radionuclide,,,
RDC01818,RAD0002,Radionuclide,,,
RDC01819,RAD0007,Radionuclide,,,
RDC01820,RAD0002,Radionuclide,,,
RDC01821,RAD0002,Radionuclide,,,
RDC01822,RAD0008,Radionuclide,,,
RDC01823,RAD0007,Radionuclide,,,
RDC01824,RAD0007,Radionuclide,,,
RDC01825,RAD0003,Radionuclide,,,
RDC01826,RAD0035,Radionuclide,,,
RDC01827,RAD0007,Radionuclide,,,
RDC01828,RAD0007,Radionuclide,,,
RDC01829,RAD0007,Radionuclide,,,
RDC01830,RAD0007,Radionuclide,,,
RDC01834,RAD0003,Radionuclide,,,
RDC01835,RAD0007,Radionuclide,,,
RDC01837,RAD0024,Radionuclide,,,
RDC01838,RAD0005,Radionuclide,,,
RDC01839,RAD0008,Radionuclide,,,
RDC01840,RAD0024,Radionuclide,,,
RDC01841,RAD0008,Radionuclide,,,
RDC01842,RAD0026,Radionuclide,,,
RDC01843,RAD0007,Radionuclide,,,
RDC01844,RAD0007,Radionuclide,,,
RDC01845,RAD0007,Radionuclide,,,
RDC01846,RAD0008,Radionuclide,,,
RDC01847,RAD0008,Radionuclide,,,
RDC01848,RAD0024,Radionuclide,,,
RDC01849,RAD0024,Radionuclide,,,
RDC01850,RAD0003,Radionuclide,,,
RDC01851,RAD0003,Radionuclide,,,
RDC01852,RAD0025,Radionuclide,,,
RDC01853,RAD0008,Radionuclide,,,
RDC01854,RAD0033,Radionuclide,,,
RDC01855,RAD0026,Radionuclide,,,
RDC01856,RAD0020,Radionuclide,,,
RDC01857,RAD0003,Radionuclide,,,
RDC01858,RAD0023,Radionuclide,,,
RDC01859,RAD0003,Radionuclide,,,
RDC01860,RAD0003,Radionuclide,,,
RDC01861,RAD0024,Radionuclide,,,
RDC01864,RAD0023,Radionuclide,,,
RDC01867,RAD0005,Radionuclide,,,
RDC01868,RAD0003,Radionuclide,,,
RDC01869,RAD0005,Radionuclide,,,
RDC01870,RAD0007,Radionuclide,,,
RDC01872,RAD0007,Radionuclide,,,
RDC01873,RAD0026,Radionuclide,,,
RDC01874,RAD0007,Radionuclide,,,
RDC01875,RAD0008,Radionuclide,,,
RDC01882,RAD0007,Radionuclide,,,
RDC01883,RAD0023,Radionuclide,,,
RDC01884,RAD0002,Radionuclide,,,
RDC01885,RAD0002,Radionuclide,,,
RDC01886,RAD0002,Radionuclide,,,
RDC01887,RAD0008,Radionuclide,,,
RDC01888,RAD0008,Radionuclide,,,
RDC01890,RAD0008,Radionuclide,,,
RDC01891,RAD0025,Radionuclide,,,
RDC01892,RAD0023,Radionuclide,,,
RDC01895,RAD0007,Radionuclide,,,
RDC01897,RAD0007,Radionuclide,,,
RDC01899,RAD0007,Radionuclide,,,
RDC01900,RAD0007,Radionuclide,,,
RDC01906,RAD0007,Radionuclide,,,
RDC01907,RAD0025,Radionuclide,,,
RDC01908,RAD0025,Radionuclide,,,
RDC01909,RAD0025,Radionuclide,,,
RDC01910,RAD0007,Radionuclide,,,
RDC01911,RAD0007,Radionuclide,,,
RDC01914,RAD0002,Radionuclide,,,
RDC01916,RAD0030,Radionuclide,,,
RDC01917,RAD0007,Radionuclide,,,
RDC01918,RAD0003,Radionuclide,,,
RDC01919,RAD0007,Radionuclide,,,
RDC01920,RAD0002,Radionuclide,,,
RDC01921,RAD0007,Radionuclide,,,
RDC01922,RAD0007,Radionuclide,,,
RDC01924,RAD0007,Radionuclide,,,
RDC01927,RAD0008,Radionuclide,,,
RDC01928,RAD0008,Radionuclide,,,
RDC01929,RAD0008,Radionuclide,,,
RDC01930,RAD0008,Radionuclide,,,
RDC01931,RAD0008,Radionuclide,,,
RDC01932,RAD0007,Radionuclide,,,
RDC01933,RAD0053,Radionuclide,,,
RDC01934,RAD0003,Radionuclide,,,
RDC01937,RAD0020,Radionuclide,,,
RDC01938,RAD0005,Radionuclide,,,
RDC01940,RAD0001,Radionuclide,,,
RDC01941,RAD0028,Radionuclide,,,
RDC01942,RAD0024,Radionuclide,,,
RDC01943,RAD0027,Radionuclide,,,
RDC01944,RAD0002,Radionuclide,,,
RDC01945,RAD0007,Radionuclide,,,
RDC01946,RAD0007,Radionuclide,,,
RDC01947,RAD0002,Radionuclide,,,
RDC01950,RAD0007,Radionuclide,,,
RDC01951,RAD0028,Radionuclide,,,
RDC01952,RAD0007,Radionuclide,,,
RDC01953,RAD0024,Radionuclide,,,
RDC01955,RAD0004,Radionuclide,,,
RDC01956,RAD0020,Radionuclide,,,
RDC01958,RAD0003,Radionuclide,,,
RDC01959,RAD0008,Radionuclide,,,
RDC01964,RAD0007,Radionuclide,,,
RDC01965,RAD0007,Radionuclide,,,
RDC01966,RAD0007,Radionuclide,,,
RDC01967,RAD0007,Radionuclide,,,
RDC01968,RAD0007,Radionuclide,,,
RDC01970,RAD0008,Radionuclide,,,
RDC01971,RAD0008,Radionuclide,,,
RDC01975,RAD0003,Radionuclide,,,
RDC01976,RAD0008,Radionuclide,,,
RDC01977,RAD0008,Radionuclide,,,
RDC01978,RAD0003,Radionuclide,,,
RDC01980,RAD0008,Radionuclide,,,
RDC01981,RAD0007,Radionuclide,,,
RDC01982,RAD0007,Radionuclide,,,
RDC01983,RAD0007,Radionuclide,,,
RDC02000,RAD0007,Radionuclide,,,
RDC02001,RAD0003,Radionuclide,,,
RDC02003,RAD0003,Radionuclide,,,
RDC02004,RAD0003,Radionuclide,,,
RDC02005,RAD0007,Radionuclide,,,
RDC02006,RAD0024,Radionuclide,,,
RDC02007,RAD0024,Radionuclide,,,
RDC02008,RAD0024,Radionuclide,,,
RDC02009,RAD0003,Radionuclide,,,
RDC02010,RAD0003,Radionuclide,,,
RDC02011,RAD0036,Radionuclide,,,
RDC02012,RAD0003,Radionuclide,,,
RDC02013,RAD0024,Radionuclide,,,
RDC02014,RAD0008,Radionuclide,,,
RDC02015,RAD0008,Radionuclide,,,
RDC02016,RAD0007,Radionuclide,,,
RDC02017,RAD0003,Radionuclide,,,
RDC02018,RAD0003,Radionuclide,,,
RDC02019,RAD0003,Radionuclide,,,
RDC02020,RAD0003,Radionuclide,,,
RDC02021,RAD0010,Radionuclide,,,
RDC02022,RAD0003,Radionuclide,,,
RDC02023,RAD0003,Radionuclide,,,
RDC02024,RAD0027,Radionuclide,,,
RDC02025,RAD0003,Radionuclide,,,
RDC02026,RAD0003,Radionuclide,,,
RDC02027,RAD0003,Radionuclide,,,
RDC02028,RAD0003,Radionuclide,,,
RDC02030,RAD0024,Radionuclide,,,
RDC02035,RAD0007,Radionuclide,,,
RDC02036,RAD0007,Radionuclide,,,
RDC02037,RAD0007,Radionuclide,,,
RDC02038,RAD0008,Radionuclide,,,
RDC02039,RAD0008,Radionuclide,,,
RDC02040,RAD0008,Radionuclide,,,
RDC02041,RAD0024,Radionuclide,,,
RDC02042,RAD0007,Radionuclide,,,
RDC02043,RAD0037,Radionuclide,,,
RDC02044,RAD0024,Radionuclide,,,
RDC02051,RAD0003,Radionuclide,,,
RDC02052,RAD0008,Radionuclide,,,
RDC02053,RAD0008,Radionuclide,,,
RDC02054,RAD0008,Radionuclide,,,
RDC02055,RAD0008,Radionuclide,,,
RDC02056,RAD0024,Radionuclide,,,
RDC02057,RAD0024,Radionuclide,,,
RDC02058,RAD0024,Radionuclide,,,
RDC02060,RAD0038,Radionuclide,,,
RDC02061,RAD0038,Radionuclide,,,
RDC02062,RAD0003,Radionuclide,,,
RDC02063,RAD0003,Radionuclide,,,
RDC02064,RAD0003,Radionuclide,,,
RDC02065,RAD0024,Radionuclide,,,
RDC02066,RAD0003,Radionuclide,,,
RDC02067,RAD0003,Radionuclide,,,
RDC02068,RAD0003,Radionuclide,,,
RDC02069,RAD0003,Radionuclide,,,
RDC02070,RAD0007,Radionuclide,,,
RDC02072,RAD0002,Radionuclide,,,
RDC02074,RAD0003,Radionuclide,,,
RDC02075,RAD0008,Radionuclide,,,
RDC02076,RAD0008,Radionuclide,,,
RDC02077,RAD0008,Radionuclide,,,
RDC02079,RAD0008,Radionuclide,,,
RDC02080,RAD0008,Radionuclide,,,
RDC02081,RAD0024,Radionuclide,,,
RDC02082,RAD0024,Radionuclide,,,
RDC02083,RAD0024,Radionuclide,,,
RDC02084,RAD0024,Radionuclide,,,
RDC02085,RAD0024,Radionuclide,,,
RDC02086,RAD0024,Radionuclide,,,
RDC02087,RAD0024,Radionuclide,,,
RDC02091,RAD0003,Radionuclide,,,
RDC02092,RAD0024,Radionuclide,,,
RDC02094,RAD0002,Radionuclide,,,
RDC02095,RAD0030,Radionuclide,,,
RDC02096,RAD0030,Radionuclide,,,
RDC02098,RAD0007,Radionuclide,,,
RDC02099,RAD0003,Radionuclide,,,
RDC02100,RAD0003,Radionuclide,,,
RDC02101,RAD0003,Radionuclide,,,
RDC02102,RAD0003,Radionuclide,,,
RDC02103,RAD0003,Radionuclide,,,
RDC02104,RAD0007,Radionuclide,,,
RDC02105,RAD0024,Radionuclide,,,
RDC02107,RAD0024,Radionuclide,,,
RDC02108,RAD0007,Radionuclide,,,
RDC02109,RAD0007,Radionuclide,,,
RDC02110,RAD0007,Radionuclide,,,
RDC02112,RAD0007,Radionuclide,,,
RDC02114,RAD0024,Radionuclide,,,
RDC02115,RAD0007,Radionuclide,,,
RDC02116,RAD0007,Radionuclide,,,
RDC02117,RAD0007,Radionuclide,,,
RDC02118,RAD0007,Radionuclide,,,
RDC02119,RAD0008,Radionuclide,,,
RDC02120,RAD0008,Radionuclide,,,
RDC02121,RAD0008,Radionuclide,,,
RDC02122,RAD0008,Radionuclide,,,
RDC02123,RAD0008,Radionuclide,,,
RDC02124,RAD0008,Radionuclide,,,
RDC02127,RAD0007,Radionuclide,,,
RDC02133,RAD0007,Radionuclide,,,
RDC02134,RAD0008,Radionuclide,,,
RDC02135,RAD0007,Radionuclide,,,
RDC02136,RAD0024,Radionuclide,,,
RDC02141,RAD0008,Radionuclide,,,
RDC02142,RAD0008,Radionuclide,,,
RDC02143,RAD0008,Radionuclide,,,
RDC02144,RAD0008,Radionuclide,,,
RDC02145,RAD0003,Radionuclide,,,
RDC02146,RAD0003,Radionuclide,,,
RDC02148,RAD0003,Radionuclide,,,
RDC02149,RAD0003,Radionuclide,,,
RDC02150,RAD0003,Radionuclide,,,
RDC02151,RAD0009,Radionuclide,,,
RDC02152,RAD0009,Radionuclide,,,
RDC02153,RAD0009,Radionuclide,,,
RDC02154,RAD0009,Radionuclide,,,
RDC02156,RAD0024,Radionuclide,,,
RDC02157,RAD0008,Radionuclide,,,
RDC02158,RAD0008,Radionuclide,,,
RDC02162,RAD0008,Radionuclide,,,
RDC02163,RAD0007,Radionuclide,,,
RDC02164,RAD0002,Radionuclide,,,
RDC02165,RAD0023,Radionuclide,,,
RDC02166,RAD0003,Radionuclide,,,
RDC02167,RAD0003,Radionuclide,,,
RDC02168,RAD0004,Radionuclide,,,
RDC02169,RAD0002,Radionuclide,,,
RDC02170,RAD0007,Radionuclide,,,
RDC02171,RAD0002,Radionuclide,,,
RDC02172,RAD0003,Radionuclide,,,
RDC02173,RAD0008,Radionuclide,,,
RDC02174,RAD0024,Radionuclide,,,
RDC02175,RAD0008,Radionuclide,,,
RDC02176,RAD0003,Radionuclide,,,
RDC02177,RAD0003,Radionuclide,,,
RDC02178,RAD0003,Radionuclide,,,
RDC02179,RAD0008,Radionuclide,,,
RDC02181,RAD0007,Radionuclide,,,
RDC02182,RAD0007,Radionuclide,,,
RDC02183,RAD0002,Radionuclide,,,
RDC02184,RAD0002,Radionuclide,,,
RDC02185,RAD0023,Radionuclide,,,
RDC02186,RAD0008,Radionuclide,,,
RDC02188,RAD0002,Radionuclide,,,
RDC02191,RAD0002,Radionuclide,,,
RDC02193,RAD0007,Radionuclide,,,
RDC02194,RAD0008,Radionuclide,,,
RDC02197,RAD0002,Radionuclide,,,
RDC02198,RAD0003,Radionuclide,,,
RDC02199,RAD0002,Radionuclide,,,
RDC02203,RAD0008,Radionuclide,,,
RDC02204,RAD0008,Radionuclide,,,
RDC02205,RAD0008,Radionuclide,,,
RDC02206,RAD0008,Radionuclide,,,
RDC02207,RAD0020,Radionuclide,,,
RDC02208,RAD0002,Radionuclide,,,
RDC02209,RAD0032,Radionuclide,,,
RDC02210,RAD0002,Radionuclide,,,
RDC02211,RAD0002,Radionuclide,,,
RDC02213,RAD0024,Radionuclide,,,
RDC02215,RAD0002,Radionuclide,,,
RDC02219,RAD0024,Radionuclide,,,
RDC02220,RAD0024,Radionuclide,,,
RDC02221,RAD0024,Radionuclide,,,
RDC02222,RAD0008,Radionuclide,,,
RDC02223,RAD0008,Radionuclide,,,
RDC02224,RAD0008,Radionuclide,,,
RDC02225,RAD0008,Radionuclide,,,
RDC02226,RAD0008,Radionuclide,,,
RDC02227,RAD0008,Radionuclide,,,
RDC02230,RAD0024,Radionuclide,,,
RDC02232,RAD0002,Radionuclide,,,
RDC02233,RAD0024,Radionuclide,,,
RDC02234,RAD0024,Radionuclide,,,
RDC02236,RAD0002,Radionuclide,,,
RDC02237,RAD0002,Radionuclide,,,
RDC02238,RAD0024,Radionuclide,,,
RDC02239,RAD0002,Radionuclide,,,
RDC02240,RAD0002,Radionuclide,,,
RDC02241,RAD0002,Radionuclide,,,
RDC02242,RAD0003,Radionuclide,,,
RDC02243,RAD0003,Radionuclide,,,
RDC02244,RAD0002,Radionuclide,,,
RDC02245,RAD0024,Radionuclide,,,
RDC02246,RAD0003,Radionuclide,,,
RDC02252,RAD0008,Radionuclide,,,
RDC02253,RAD0002,Radionuclide,,,
RDC02254,RAD0008,Radionuclide,,,
RDC02255,RAD0027,Radionuclide,,,
RDC02256,RAD0040,Radionuclide,,,
RDC02257,RAD0008,Radionuclide,,,
RDC02258,RAD0002,Radionuclide,,,
RDC02259,RAD0003,Radionuclide,,,
RDC02260,RAD0024,Radionuclide,,,
RDC02262,RAD0008,Radionuclide,,,
RDC02264,RAD0003,Radionuclide,,,
RDC02265,RAD0003,Radionuclide,,,
RDC02266,RAD0008,Radionuclide,,,
RDC02267,RAD0003,Radionuclide,,,
RDC02268,RAD0002,Radionuclide,,,
RDC02278,RAD0024,Radionuclide,,,
RDC02280,RAD0008,Radionuclide,,,
RDC02281,RAD0003,Radionuclide,,,
RDC02286,RAD0024,Radionuclide,,,
RDC02287,RAD0006,Radionuclide,,,
RDC02288,RAD0003,Radionuclide,,,
RDC02261,RAD0002,Radionuclide,,,
RDC02263,RAD0023,Radionuclide,,,
RDC02282,RAD0003,Radionuclide,,,
RDC02283,RAD0003,Radionuclide,,,
RDC02302,RAD0006,Radionuclide,,,
RDC02303,RAD0006,Radionuclide,,,
RDC02304,RAD0006,Radionuclide,,,
RDC02305,RAD0006,Radionuclide,,,
RDC02306,RAD0031,Radionuclide,,,
RDC02308,RAD0025,Radionuclide,,,
RDC02309,RAD0025,Radionuclide,,,
RDC02310,RAD0031,Radionuclide,,,
RDC02312,RAD0031,Radionuclide,,,
RDC02314,RAD0025,Radionuclide,,,
RDC02315,RAD0007,Radionuclide,,,
RDC02316,RAD0031,Radionuclide,,,
RDC02317,RAD0006,Radionuclide,,,
RDC02319,RAD0007,Radionuclide,,,
RDC02320,RAD0025,Radionuclide,,,
RDC02321,RAD0006,Radionuclide,,,
RDC02322,RAD0024,Radionuclide,,,
RDC02325,RAD0007,Radionuclide,,,
RDC02329,RAD0025,Radionuclide,,,
RDC02330,RAD0024,Radionuclide,,,
RDC02331,RAD0005,Radionuclide,,,
RDC02332,RAD0002,Radionuclide,,,
RDC02333,RAD0008,Radionuclide,,,
RDC02334,RAD0020,Radionuclide,,,
RDC02336,RAD0008,Radionuclide,,,
RDC02340,RAD0031,Radionuclide,,,
RDC02341,RAD0026,Radionuclide,,,
RDC02342,RAD0025,Radionuclide,,,
RDC02345,RAD0026,Radionuclide,,,
RDC02346,RAD0020,Radionuclide,,,
RDC02352,RAD0008,Radionuclide,,,
RDC02353,RAD0008,Radionuclide,,,
RDC02354,RAD0024,Radionuclide,,,
RDC02355,RAD0003,Radionuclide,,,
RDC02356,RAD0008,Radionuclide,,,
RDC02357,RAD0005,Radionuclide,,,
RDC02358,RAD0008,Radionuclide,,,
RDC02359,RAD0002,Radionuclide,,,
RDC02361,RAD0007,Radionuclide,,,
RDC02362,RAD0016,Radionuclide,,,
RDC02363,RAD0003,Radionuclide,,,
RDC02365,RAD0007,Radionuclide,,,
RDC02366,RAD0006,Radionuclide,,,
RDC02371,RAD0005,Radionuclide,,,
RDC02372,RAD0020,Radionuclide,,,
RDC02374,RAD0007,Radionuclide,,,
RDC02375,RAD0006,Radionuclide,,,
RDC02376,RAD0008,Radionuclide,,,
RDC02377,RAD0007,Radionuclide,,,
RDC02378,RAD0007,Radionuclide,,,
RDC02379,RAD0008,Radionuclide,,,
RDC02380,RAD0020,Radionuclide,,,
RDC02381,RAD0007,Radionuclide,,,
RDC02382,RAD0007,Radionuclide,,,
RDC02383,RAD0007,Radionuclide,,,
RDC02384,RAD0007,Radionuclide,,,
RDC02385,RAD0007,Radionuclide,,,
RDC02386,RAD0002,Radionuclide,,,
RDC02387,RAD0023,Radionuclide,,,
RDC02388,RAD0023,Radionuclide,,,
RDC02389,RAD0023,Radionuclide,,,
RDC02390,RAD0002,Radionuclide,,,
RDC02391,RAD0002,Radionuclide,,,
RDC02393,RAD0006,Radionuclide,,,
RDC02394,RAD0007,Radionuclide,,,
RDC02395,RAD0006,Radionuclide,,,
RDC02396,RAD0007,Radionuclide,,,
RDC02397,RAD0007,Radionuclide,,,
RDC02399,RAD0002,Radionuclide,,,
RDC02402,RAD0024,Radionuclide,,,
RDC02404,RAD0031,Radionuclide,,,
RDC02406,RAD0002,Radionuclide,,,
RDC02408,RAD0002,Radionuclide,,,
RDC02410,RAD0007,Radionuclide,,,
RDC02411,RAD0024,Radionuclide,,,
RDC02412,RAD0024,Radionuclide,,,
RDC02413,RAD0024,Radionuclide,,,
RDC02414,RAD0024,Radionuclide,,,
RDC02421,RAD0005,Radionuclide,,,
RDC02422,RAD0003,Radionuclide,,,
RDC02423,RAD0005,Radionuclide,,,
RDC02425,RAD0005,Radionuclide,,,
RDC02426,RAD0005,Radionuclide,,,
RDC02427,RAD0002,Radionuclide,,,
RDC02428,RAD0002,Radionuclide,,,
RDC02429,RAD0005,Radionuclide,,,
RDC02430,RAD0003,Radionuclide,,,
RDC02431,RAD0005,Radionuclide,,,
RDC02432,RAD0005,Radionuclide,,,
RDC02433,RAD0003,Radionuclide,,,
RDC02436,RAD0024,Radionuclide,,,
RDC02439,RAD0002,Radionuclide,,,
RDC02440,RAD0025,Radionuclide,,,
RDC02441,RAD0024,Radionuclide,,,
RDC02442,RAD0002,Radionuclide,,,
RDC02443,RAD0024,Radionuclide,,,
RDC02444,RAD0024,Radionuclide,,,
RDC02445,RAD0005,Radionuclide,,,
RDC02446,RAD0002,Radionuclide,,,
RDC02449,RAD0027,Radionuclide,,,
RDC02450,RAD0002,Radionuclide,,,
RDC02451,RAD0003,Radionuclide,,,
RDC02452,RAD0003,Radionuclide,,,
RDC02453,RAD0002,Radionuclide,,,
RDC02454,RAD0005,Radionuclide,,,
RDC02457,RAD0002,Radionuclide,,,
RDC02458,RAD0002,Radionuclide,,,
RDC02459,RAD0002,Radionuclide,,,
RDC02460,RAD0002,Radionuclide,,,
RDC02461,RAD0002,Radionuclide,,,
RDC02462,RAD0008,Radionuclide,,,
RDC02463,RAD0008,Radionuclide,,,
RDC02464,RAD0008,Radionuclide,,,
RDC02465,RAD0003,Radionuclide,,,
RDC02466,RAD0026,Radionuclide,,,
RDC02467,RAD0003,Radionuclide,,,
RDC02468,RAD0005,Radionuclide,,,
RDC02469,RAD0024,Radionuclide,,,
RDC02470,RAD0003,Radionuclide,,,
RDC02471,RAD0003,Radionuclide,,,
RDC02472,RAD0002,Radionuclide,,,
RDC02473,RAD0003,Radionuclide,,,
RDC02474,RAD0003,Radionuclide,,,
RDC02475,RAD0003,Radionuclide,,,
RDC02476,RAD0003,Radionuclide,,,
RDC02477,RAD0008,Radionuclide,,,
RDC02479,RAD0007,Radionuclide,,,
RDC02481,RAD0005,Radionuclide,,,
RDC02483,RAD0003,Radionuclide,,,
RDC02484,RAD0003,Radionuclide,,,
RDC02485,RAD0003,Radionuclide,,,
RDC02492,RAD0025,Radionuclide,,,
RDC02493,RAD0025,Radionuclide,,,
RDC02494,RAD0005,Radionuclide,,,
RDC02499,RAD0025,Radionuclide,,,
RDC02501,RAD0025,Radionuclide,,,
RDC02515,RAD0024,Radionuclide,,,
RDC02516,RAD0024,Radionuclide,,,
RDC02520,RAD0007,Radionuclide,,,
RDC02521,RAD0008,Radionuclide,,,
RDC02525,RAD0045,Radionuclide,,,
RDC02526,RAD0044,Radionuclide,,,
RDC02527,RAD0043,Radionuclide,,,
RDC02528,RAD0043,Radionuclide,,,
RDC02529,RAD0019,Radionuclide,,,
RDC02531,RAD0008,Radionuclide,,,
RDC02532,RAD0024,Radionuclide,,,
RDC02533,RAD0024,Radionuclide,,,
RDC02534,RAD0024,Radionuclide,,,
RDC02535,RAD0024,Radionuclide,,,
RDC02536,RAD0024,Radionuclide,,,
RDC02537,RAD0024,Radionuclide,,,
RDC02538,RAD0003,Radionuclide,,,
RDC02539,RAD0008,Radionuclide,,,
RDC02540,RAD0008,Radionuclide,,,
RDC02541,RAD0023,Radionuclide,,,
RDC02542,RAD0024,Radionuclide,,,
RDC02543,RAD0024,Radionuclide,,,
RDC02544,RAD0024,Radionuclide,,,
RDC02546,RAD0002,Radionuclide,,,
RDC02547,RAD0003,Radionuclide,,,
RDC02548,RAD0008,Radionuclide,,,
RDC02549,RAD0008,Radionuclide,,,
RDC02551,RAD0008,Radionuclide,,,
RDC02552,RAD0008,Radionuclide,,,
RDC02556,RAD0008,Radionuclide,,,
RDC02557,,Radionuclide,,,
RDC02558,RAD0003,Radionuclide,,,
RDC02560,RAD0003,Radionuclide,,,
RDC02561,RAD0008,Radionuclide,,,
RDC02562,RAD0023,Radionuclide,,,
RDC02563,RAD0003,Radionuclide,,,
RDC02565,RAD0024,Radionuclide,,,
RDC02566,RAD0008,Radionuclide,,,
RDC02567,RAD0007,Radionuclide,,,
RDC02568,RAD0002,Radionuclide,,,
RDC02569,RAD0005,Radionuclide,,,
RDC02570,RAD0005,Radionuclide,,,
RDC02572,RAD0008,Radionuclide,,,
RDC02573,RAD0024,Radionuclide,,,
RDC02574,RAD0005,Radionuclide,,,
RDC02575,RAD0003,Radionuclide,,,
RDC02577,RAD0003,Radionuclide,,,
RDC02578,RAD0024,Radionuclide,,,
RDC02579,RAD0026,Radionuclide,,,
RDC02580,RAD0026,Radionuclide,,,
RDC02581,RAD0002,Radionuclide,,,
RDC02582,RAD0002,Radionuclide,,,
RDC02584,RAD0002,Radionuclide,,,
RDC02585,RAD0002,Radionuclide,,,
RDC02586,RAD0025,Radionuclide,,,
RDC02587,RAD0002,Radionuclide,,,
RDC02588,RAD0026,Radionuclide,,,
RDC02589,RAD0007,Radionuclide,,,
RDC02590,RAD0002,Radionuclide,,,
RDC02592,RAD0002,Radionuclide,,,
RDC02593,RAD0002,Radionuclide,,,
RDC02594,RAD0003,Radionuclide,,,
RDC02595,RAD0024,Radionuclide,,,
RDC02596,RAD0024,Radionuclide,,,
RDC02597,RAD0024,Radionuclide,,,
RDC02598,RAD0024,Radionuclide,,,
RDC02599,RAD0024,Radionuclide,,,
RDC02600,RAD0002,Radionuclide,,,
RDC02601,RAD0023,Radionuclide,,,
RDC02602,RAD0003,Radionuclide,,,
RDC02611,RAD0024,Radionuclide,,,
RDC02613,RAD0008,Radionuclide,,,
RDC02617,RAD0026,Radionuclide,,,
RDC02618,RAD0005,Radionuclide,,,
RDC02619,RAD0007,Radionuclide,,,
RDC02620,RAD0005,Radionuclide,,,
RDC02621,RAD0008,Radionuclide,,,
RDC02622,RAD0005,Radionuclide,,,
RDC02624,RAD0007,Radionuclide,,,
RDC02625,RAD0007,Radionuclide,,,
RDC02626,RAD0002,Radionuclide,,,
RDC02627,RAD0008,Radionuclide,,,
RDC02628,RAD0005,Radionuclide,,,
RDC02632,RAD0007,Radionuclide,,,
RDC02631,RAD0006,Radionuclide,,,
RDC02634,RAD0006,Radionuclide,,,
RDC02635,RAD0002,Radionuclide,,,
RDC02636,RAD0026,Radionuclide,,,
RDC02637,RAD0002,Radionuclide,,,
RDC02638,RAD0005,Radionuclide,,,
RDC02639,RAD0005,Radionuclide,,,
RDC02640,RAD0024,Radionuclide,,,
RDC02641,RAD0024,Radionuclide,,,
RDC02642,RAD0003,Radionuclide,,,
RDC02643,RAD0008,Radionuclide,,,
RDC02644,RAD0006,Radionuclide,,,
RDC02646,RAD0006,Radionuclide,,,
RDC02647,RAD0006,Radionuclide,,,
RDC02648,RAD0007,Radionuclide,,,
RDC02649,RAD0007,Radionuclide,,,
RDC02651,RAD0024,Radionuclide,,,
RDC02652,RAD0024,Radionuclide,,,
RDC02653,RAD0024,Radionuclide,,,
RDC02654,RAD0006,Radionuclide,,,
RDC02655,RAD0006,Radionuclide,,,
RDC02656,RAD0006,Radionuclide,,,
RDC02657,RAD0044,Radionuclide,,,
RDC02659,RAD0020,Radionuclide,,,
RDC02660,RAD0006,Radionuclide,,,
RDC02661,RAD0028,Radionuclide,,,
RDC02662,RAD0007,Radionuclide,,,
RDC02663,RAD0007,Radionuclide,,,
RDC02668,RAD0006,Radionuclide,,,
RDC02669,RAD0006,Radionuclide,,,
RDC02670,RAD0007,Radionuclide,,,
RDC02671,RAD0034,Radionuclide,,,
RDC02672,RAD0008,Radionuclide,,,
RDC02673,RAD0006,Radionuclide,,,
RDC02674,RAD0007,Radionuclide,,,
RDC02675,RAD0007,Radionuclide,,,
RDC02676,RAD0006,Radionuclide,,,
RDC02678,RAD0007,Radionuclide,,,
RDC02679,RAD0007,Radionuclide,,,
RDC02680,RAD0005,Radionuclide,,,
RDC02681,RAD0002,Radionuclide,,,
RDC02682,RAD0024,Radionuclide,,,
RDC02685,RAD0006,Radionuclide,,,
RDC02687,RAD0027,Radionuclide,,,
RDC02688,RAD0008,Radionuclide,,,
RDC02689,RAD0054,Radionuclide,,,
RDC02690,RAD0024,Radionuclide,,,
RDC02691,RAD0024,Radionuclide,,,
RDC02693,RAD0008,Radionuclide,,,
RDC02694,RAD0020,Radionuclide,,,
RDC02695,RAD0031,Radionuclide,,,
RDC02696,RAD0005,Radionuclide,,,
RDC02697,RAD0024,Radionuclide,,,
RDC02698,RAD0026,Radionuclide,,,
RDC02700,RAD0025,Radionuclide,,,
RDC02701,RAD0031,Radionuclide,,,
RDC02707,RAD0025,Radionuclide,,,
RDC02708,RAD0006,Radionuclide,,,
RDC02710,RAD0006,Radionuclide,,,
RDC02711,RAD0008,Radionuclide,,,
RDC02712,RAD0028,Radionuclide,,,
RDC02713,RAD0028,Radionuclide,,,
RDC02714,RAD0028,Radionuclide,,,
RDC02715,RAD0028,Radionuclide,,,
RDC02720,RAD0024,Radionuclide,,,
RDC02721,RAD0024,Radionuclide,,,
RDC02722,RAD0024,Radionuclide,,,
RDC02723,RAD0019,Radionuclide,,,
RDC02724,RAD0003,Radionuclide,,,
RDC02725,RAD0024,Radionuclide,,,
RDC02727,RAD0006,Radionuclide,,,
RDC02728,RAD0026,Radionuclide,,,
RDC02729,RAD0026,Radionuclide,,,
RDC02730,RAD0025,Radionuclide,,,
RDC02731,RAD0005,Radionuclide,,,
RDC02732,RAD0016,Radionuclide,,,
RDC02733,RAD0008,Radionuclide,,,
RDC02734,RAD0026,Radionuclide,,,
RDC02735,RAD0026,Radionuclide,,,
RDC02736,RAD0026,Radionuclide,,,
RDC02738,RAD0024,Radionuclide,,,
RDC02739,RAD0024,Radionuclide,,,
RDC02740,RAD0019,Radionuclide,,,
RDC02741,RAD0026,Radionuclide,,,
RDC02742,RAD0019,Radionuclide,,,
RDC02743,RAD0003,Radionuclide,,,
RDC02744,RAD0024,Radionuclide,,,
RDC02745,RAD0019,Radionuclide,,,
RDC02746,,Radionuclide,,,
RDC02747,RAD0026,Radionuclide,,,
RDC02748,RAD0026,Radionuclide,,,
RDC02749,RAD0026,Radionuclide,,,
RDC02750,RAD0003,Radionuclide,,,
RDC02751,RAD0055,Radionuclide,,,
RDC02752,RAD0005,Radionuclide,,,
RDC02753,RAD0005,Radionuclide,,,
RDC02754,,Radionuclide,,,
RDC02755,,Radionuclide,,,
RDC02756,RAD0026,Radionuclide,,,
RDC02757,RAD0026,Radionuclide,,,
RDC02758,RAD0003,Radionuclide,,,
RDC02759,RAD0026,Radionuclide,,,
RDC02760,RAD0003,Radionuclide,,,
RDC02761,RAD0027,Radionuclide,,,
RDC02762,RAD0024,Radionuclide,,,
RDC02763,RAD0005,Radionuclide,,,
RDC02764,,Radionuclide,,,
RDC02765,,Radionuclide,,,
RDC02766,,Radionuclide,,,
RDC02767,RAD0002,Radionuclide,,,
RDC02768,RAD0027,Radionuclide,,,
RDC02769,RAD0027,Radionuclide,,,
RDC02770,RAD0027,Radionuclide,,,
RDC02771,RAD0027,Radionuclide,,,
RDC02772,RAD0026,Radionuclide,,,
RDC02773,RAD0026,Radionuclide,,,
RDC02774,RAD0024,Radionuclide,,,
RDC02775,RAD0024,Radionuclide,,,
RDC02776,RAD0003,Radionuclide,,,
RDC02777,RAD0008,Radionuclide,,,
RDC02778,RAD0026,Radionuclide,,,
RDC02779,RAD0007,Radionuclide,,,
RDC02780,RAD0024,Radionuclide,,,
RDC02781,RAD0024,Radionuclide,,,
RDC02782,RAD0003,Radionuclide,,,
RDC02783,RAD0024,Radionuclide,,,
RDC02784,RAD0003,Radionuclide,,,
RDC02785,RAD0024,Radionuclide,,,
RDC02786,RAD0003,Radionuclide,,,
RDC02787,RAD0024,Radionuclide,,,
RDC02788,RAD0003,Radionuclide,,,
RDC02789,RAD0026,Radionuclide,,,
RDC02790,RAD0002,Radionuclide,,,
RDC02791,RAD0026,Radionuclide,,,
RDC02792,RAD0002,Radionuclide,,,
RDC02793,RAD0003,Radionuclide,,,
RDC02794,RAD0024,Radionuclide,,,
RDC02795,RAD0027,Radionuclide,,,
RDC02796,RAD0026,Radionuclide,,,
RDC02797,RAD0003,Radionuclide,,,
RDC02798,RAD0001,Radionuclide,,,
RDC02799,RAD0024,Radionuclide,,,
RDC02800,RAD0026,Radionuclide,,,
RDC02802,RAD0001,Radionuclide,,,
RDC02803,RAD0026,Radionuclide,,,
RDC02804,RAD0003,Radionuclide,,,
RDC02805,RAD0024,Radionuclide,,,
RDC02806,RAD0003,Radionuclide,,,
RDC02807,RAD0024,Radionuclide,,,
RDC02808,RAD0003,Radionuclide,,,
RDC02809,RAD0024,Radionuclide,,,
RDC02811,RAD0003,Radionuclide,,,
RDC02812,RAD0024,Radionuclide,,,
RDC02813,RAD0024,Radionuclide,,,
RDC02814,RAD0024,Radionuclide,,,
RDC02815,RAD0024,Radionuclide,,,
RDC02816,RAD0024,Radionuclide,,,
RDC02817,RAD0026,Radionuclide,,,
RDC02818,RAD0024,Radionuclide,,,
RDC02819,RAD0026,Radionuclide,,,
RDC02820,RAD0024,Radionuclide,,,
RDC02821,RAD0026,Radionuclide,,,
RDC02822,RAD0024,Radionuclide,,,
RDC02823,RAD0024,Radionuclide,,,
RDC02824,RAD0003,Radionuclide,,,
RDC02825,RAD0024,Radionuclide,,,
RDC02826,RAD0024,Radionuclide,,,
RDC02827,RAD0003,Radionuclide,,,
RDC02828,RAD0003,Radionuclide,,,
RDC02829,RAD0024,Radionuclide,,,
RDC02830,RAD0026,Radionuclide,,,
RDC02831,RAD0003,Radionuclide,,,
RDC02832,RAD0024,Radionuclide,,,
RDC02833,RAD0026,Radionuclide,,,
RDC02834,RAD0024,Radionuclide,,,
RDC02835,RAD0026,Radionuclide,,,
RDC02836,RAD0003,Radionuclide,,,
RDC02837,RAD0003,Radionuclide,,,
RDC02838,RAD0008,Radionuclide,,,
RDC02839,RAD0024,Radionuclide,,,
RDC02840,RAD0024,Radionuclide,,,
RDC02841,RAD0024,Radionuclide,,,
RDC02842,RAD0003,Radionuclide,,,
RDC02843,,Radionuclide,,,
RDC02844,,Radionuclide,,,
RDC02845,,Radionuclide,,,
RDC02846,,Radionuclide,,,
RDC02847,,Radionuclide,,,
RDC02848,,Radionuclide,,,
RDC02849,RAD0024,Radionuclide,,,
RDC02850,RAD0027,Radionuclide,,,
RDC02851,RAD0024,Radionuclide,,,
RDC02852,RAD0024,Radionuclide,,,
RDC02853,RAD0026,Radionuclide,,,
RDC02854,RAD0024,Radionuclide,,,
RDC02855,RAD0002,Radionuclide,,,
RDC02856,RAD0003,Radionuclide,,,
RDC02857,RAD0024,Radionuclide,,,
RDC02859,RAD0027,Radionuclide,,,
RDC02860,RAD0002,Radionuclide,,,
RDC02702,RAD0002,Radionuclide,,,
RDC02703,RAD0024,Radionuclide,,,
,,,,,
RDC00007,RAD0007,Radionuclide,,,
RDC00008,RAD0024,Radionuclide,,,
RDC00009,RAD0008,Radionuclide,,,
RDC00010,RAD0008,Radionuclide,,,
RDC00014,RAD0036,Radionuclide,,,
RDC00015,RAD0002,Radionuclide,,,
RDC00019,RAD0024,Radionuclide,,,
RDC00020,RAD0003,Radionuclide,,,
RDC00023,RAD0024,Radionuclide,,,
RDC00751,RAD0003,Radionuclide,,,
RDC00752,RAD0003,Radionuclide,,,
RDC00754,RAD0024,Radionuclide,,,
RDC00755,RAD0003,Radionuclide,,,
RDC00756,RAD0003,Radionuclide,,,
RDC00757,RAD0003,Radionuclide,,,
RDC00758,RAD0024,Radionuclide,,,
RDC00759,RAD0003,Radionuclide,,,
RDC00760,RAD0003,Radionuclide,,,
RDC00761,RAD0003,Radionuclide,,,
RDC00762,RAD0003,Radionuclide,,,
RDC00763,RAD0024,Radionuclide,,,
RDC00764,RAD0023,Radionuclide,,,
RDC00765,RAD0024,Radionuclide,,,
RDC00766,RAD0003,Radionuclide,,,
RDC00767,RAD0032,Radionuclide,,,
RDC00768,RAD0024,Radionuclide,,,
RDC00769,RAD0025,Radionuclide,,,
RDC00770,RAD0025,Radionuclide,,,
,,,,,
RDC00180,RAD0003,Radionuclide,,,
RDC00291,RAD0008,Radionuclide,,,
RDC00292,RAD0008,Radionuclide,,,
RDC00294,RAD0024,Radionuclide,,,
RDC00295,RAD0008,Radionuclide,,,
RDC00311,RAD0008,Radionuclide,,,
RDC00470,RAD0007,Radionuclide,,,
RDC00471,RAD0007,Radionuclide,,,
RDC00472,RAD0007,Radionuclide,,,
RDC00473,RAD0007,Radionuclide,,,
RDC00474,RAD0007,Radionuclide,,,
RDC00475,RAD0007,Radionuclide,,,
RDC00476,RAD0007,Radionuclide,,,
RDC00510,RAD0007,Radionuclide,,,
RDC00511,RAD0007,Radionuclide,,,
RDC00512,RAD0024,Radionuclide,,,
RDC00513,RAD0007,Radionuclide,,,
RDC00514,RAD0024,Radionuclide,,,
RDC01386,RAD0024,Radionuclide,,,
,,,,,
