drug_id,target_id,evidence,created_at,updated_at
RDC00100,TAR0064,,,
RDC00101,TAR0064,,,
RDC00102,TAR0023,,,
RDC00103,TAR0023,,,
RDC00104,TAR0023,,,
RDC00105,TAR0023,,,
RDC00106,TAR0023,,,
RDC00107,TAR0023,,,
RDC00110,TAR0023,,,
RDC00111,TAR0023,,,
RDC00112,TAR0023,,,
RDC00113,TAR0023,,,
RDC00114,TAR0023,,,
RDC00115,TAR0064,,,
RDC00116,TAR0023,,,
RDC00116,TAR0065,,,
RDC00116,TAR0064,,,
RDC00117,TAR0064,,,
RDC00118,TAR0064,,,
RDC00119,TAR0023,,,
RDC00120,TAR0052,,,
RDC00121,TAR0023,,,
RDC00122,TAR0023,,,
RDC00123,TAR0064,,,
RDC00124,TAR0023,,,
RDC00124,TAR0020,,,
RDC00127,TAR0023,,,
RDC00128,TAR0023,,,
RDC00129,TAR0064,,,
RDC00131,TAR0023,,,
RDC00132,TAR0064,,,
RDC00133,TAR0064,,,
RDC00134,TAR0042,,,
RDC00135,TAR0064,,,
RDC00136,TAR0064,,,
RDC00137,TAR0064,,,
RDC00138,TAR0064,,,
RDC00139,TAR0023,,,
RDC00140,TAR0023,,,
RDC00142,TAR0023,,,
RDC00144,TAR0064,,,
RDC00147,TAR0064,,,
RDC00148,TAR0064,,,
RDC00149,TAR0015,,,
RDC00149,TAR0023,,,
RDC00150,TAR0015,,,
RDC00150,TAR0023,,,
RDC00151,TAR0015,,,
RDC00151,TAR0023,,,
RDC00152,TAR0003,,,
RDC00152,TAR0023,,,
RDC00153,TAR0003,,,
RDC00153,TAR0023,,,
RDC00154,TAR0003,,,
RDC00154,TAR0023,,,
RDC00155,TAR0023,,,
RDC00156,TAR0053,,,
RDC00157,TAR0053,,,
RDC00158,TAR0063,,,
RDC00158,TAR0023,,,
RDC00159,TAR0063,,,
RDC00159,TAR0023,,,
RDC00160,TAR0064,,,
RDC00161,TAR0064,,,
RDC00162,TAR0023,,,
RDC00163,TAR0023,,,
RDC00164,TAR0003,,,
RDC00164,TAR0023,,,
RDC00165,TAR0003,,,
RDC00165,TAR0023,,,
RDC00166,TAR0015,,,
RDC00166,TAR0023,,,
RDC00167,TAR0015,,,
RDC00167,TAR0023,,,
RDC00168,TAR0064,,,
RDC00169,TAR0064,,,
RDC00173,TAR0023,,,
RDC00174,TAR0023,,,
RDC00175,TAR0023,,,
RDC00176,TAR0023,,,
RDC00177,TAR0055,,,
RDC00179,TAR0023,,,
RDC00179,TAR0020,,,
RDC00180,TAR0023,,,
RDC00181,TAR0064,,,
RDC00182,TAR0064,,,
RDC00183,TAR0056,,,
RDC00184,TAR0023,,,
RDC00185,TAR0023,,,
RDC00186,TAR0023,,,
RDC00187,TAR0023,,,
RDC00188,TAR0023,,,
RDC00189,TAR0023,,,
RDC00191,TAR0023,,,
RDC00191,TAR0063,,,
RDC00192,TAR0023,,,
RDC00193,TAR0023,,,
RDC00194,TAR0064,,,
RDC00195,TAR0023,,,
RDC00196,TAR0064,,,
RDC00197,TAR0064,,,
RDC00202,TAR0023,,,
RDC00198,TAR0023,,,
RDC00199,TAR0023,,,
RDC00200,TAR0023,,,
RDC00201,TAR0023,,,
RDC00204,TAR0023,,,
RDC00205,TAR0023,,,
RDC00206,TAR0023,,,
RDC00207,TAR0023,,,
RDC00208,TAR0023,,,
RDC00209,TAR0023,,,
RDC00210,TAR0064,,,
RDC00211,TAR0003,,,
RDC00211,TAR0023,,,
RDC00212,TAR0053,,,
RDC00213,TAR0023,,,
RDC00213,TAR0020,,,
RDC00214,TAR0023,,,
RDC00214,TAR0020,,,
RDC00215,TAR0023,,,
RDC00215,TAR0020,,,
RDC00216,TAR0042,,,
RDC00221,TAR0057,,,
RDC00222,TAR0057,,,
RDC00223,TAR0057,,,
RDC00229,TAR0063,,,
RDC00229,TAR0023,,,
RDC00230,TAR0063,,,
RDC00230,TAR0023,,,
RDC00231,TAR0047,,,
RDC00232,TAR0047,,,
RDC00233,TAR0047,,,
RDC00234,TAR0047,,,
RDC00235,TAR0047,,,
RDC00236,TAR0058,,,
RDC00237,TAR0058,,,
RDC00238,TAR0056,,,
RDC00238,TAR0023,,,
RDC00239,TAR0056,,,
RDC00239,TAR0023,,,
RDC00240,TAR0023,,,
RDC00241,TAR0003,,,
RDC00241,TAR0023,,,
RDC00242,TAR0003,,,
RDC00242,TAR0023,,,
RDC00244,TAR0057,,,
RDC00245,TAR0057,,,
RDC00247,TAR0053,,,
RDC00248,TAR0001,,,
RDC00248,TAR0059,,,
RDC00249,TAR0001,,,
RDC00249,TAR0059,,,
RDC00250,TAR0001,,,
RDC00250,TAR0059,,,
RDC00251,TAR0060,,,
RDC00251,TAR0023,,,
RDC00252,TAR0061,,,
RDC00253,TAR0023,,,
RDC00254,TAR0023,,,
RDC00255,TAR0023,,,
RDC00256,TAR0023,,,
RDC00260,TAR0062,,,
RDC00260,TAR0036,,,
RDC00261,TAR0062,,,
RDC00261,TAR0036,,,
RDC00263,TAR0063,,,
RDC00264,TAR0063,,,
RDC00265,TAR0023,,,
RDC00265,TAR0057,,,
RDC00266,TAR0023,,,
RDC00274,TAR0059,,,
RDC00277,TAR0059,,,
RDC00285,TAR0062,,,
RDC00286,TAR0064,,,
RDC00288,TAR0066,,,
RDC00290,TAR0023,,,
RDC00291,TAR0023,,,
RDC00292,TAR0023,,,
RDC00294,TAR0023,,,
RDC00294,TAR0057,,,
RDC00294,TAR0063,,,
RDC00295,TAR0064,,,
RDC00311,TAR0023,,,
RDC00327,TAR0023,,,
RDC00328,TAR0023,,,
RDC00329,TAR0023,,,
RDC00330,TAR0023,,,
RDC00336,TAR0023,,,
RDC00337,TAR0023,,,
RDC00337,TAR0020,,,
RDC00338,TAR0023,,,
RDC00341,TAR0023,,,
RDC00341,TAR0020,,,
RDC00342,TAR0023,,,
RDC00342,TAR0020,,,
RDC00343,TAR0023,,,
RDC00343,TAR0020,,,
RDC00348,TAR0023,,,
RDC00349,TAR0023,,,
RDC00350,TAR0064,,,
RDC00353,TAR0023,,,
RDC00357,TAR0023,,,
RDC00357,TAR0067,,,
RDC00358,TAR0023,,,
RDC00359,TAR0023,,,
RDC00369,TAR0023,,,
RDC00371,TAR0023,,,
RDC00372,TAR0056,,,
RDC00374,TAR0023,,,
RDC00374,TAR0020,,,
RDC00376,TAR0064,,,
RDC00377,TAR0064,,,
RDC00378,TAR0023,,,
RDC00379,TAR0023,,,
RDC00380,TAR0023,,,
RDC00381,TAR0023,,,
RDC00382,TAR0023,,,
RDC00383,TAR0023,,,
RDC00384,TAR0023,,,
RDC00385,TAR0023,,,
RDC00386,TAR0023,,,
RDC00386,TAR0063,,,
RDC00387,TAR0055,,,
RDC00389,TAR0023,,,
RDC00390,TAR0023,,,
RDC00391,TAR0023,,,
RDC00392,TAR0023,,,
RDC00394,TAR0064,,,
RDC00397,TAR0064,,,
RDC00398,TAR0023,,,
RDC00399,TAR0023,,,
RDC00402,TAR0023,,,
RDC00403,TAR0023,,,
RDC00406,TAR0023,,,
RDC00407,TAR0016,,,
RDC00408,TAR0016,,,
RDC00408,TAR0023,,,
RDC00409,TAR0023,,,
RDC00410,TAR0016,,,
RDC00410,TAR0023,,,
RDC00411,TAR0023,,,
RDC00412,TAR0023,,,
RDC00413,TAR0023,,,
RDC00416,TAR0063,,,
RDC00417,TAR0063,,,
RDC00419,TAR0023,,,
RDC00423,TAR0023,,,
RDC00424,TAR0023,,,
RDC00425,TAR0023,,,
RDC00426,TAR0023,,,
RDC00427,TAR0023,,,
RDC00431,TAR0023,,,
RDC00435,TAR0023,,,
RDC00437,TAR0023,,,
RDC00438,TAR0047,,,
RDC00439,TAR0069,,,
RDC00439,TAR0023,,,
RDC00440,TAR0023,,,
RDC00443,TAR0023,,,
RDC00444,TAR0023,,,
RDC00445,TAR0023,,,
RDC00447,TAR0023,,,
RDC00448,TAR0023,,,
RDC00449,TAR0023,,,
RDC00451,TAR0023,,,
RDC00453,TAR0023,,,
RDC00456,TAR0023,,,
RDC00457,TAR0023,,,
RDC00461,TAR0023,,,
RDC00462,TAR0023,,,
RDC00462,TAR0020,,,
RDC00467,TAR0023,,,
RDC00469,TAR0023,,,
RDC00468,TAR0023,,,
RDC00470,TAR0023,,,
RDC00471,TAR0023,,,
RDC00472,TAR0023,,,
RDC00473,TAR0023,,,
RDC00474,TAR0023,,,
RDC00475,TAR0023,,,
RDC00476,TAR0023,,,
RDC00480,TAR0023,,,
RDC00483,TAR0023,,,
RDC00487,TAR0023,,,
RDC00486,TAR0023,,,
RDC00488,TAR0023,,,
RDC00489,TAR0023,,,
RDC00494,TAR0023,,,
RDC00495,TAR0023,,,
RDC00497,TAR0023,,,
RDC00500,TAR0051,,,
RDC00501,TAR0023,,,
RDC00504,TAR0023,,,
RDC00510,TAR0015,,,
RDC00510,TAR0016,,,
RDC00511,TAR0016,,,
RDC00511,TAR0034,,,
RDC00512,TAR0015,,,
RDC00512,TAR0016,,,
RDC00513,TAR0015,,,
RDC00514,TAR0015,,,
RDC00515,TAR0015,,,
RDC00516,TAR0015,,,
RDC00517,TAR0015,,,
RDC00518,TAR0015,,,
RDC00519,TAR0015,,,
RDC00520,TAR0015,,,
RDC00521,TAR0015,,,
RDC00522,TAR0015,,,
RDC00523,TAR0015,,,
RDC00524,TAR0015,,,
RDC00525,TAR0015,,,
RDC00528,TAR0015,,,
RDC00529,TAR0015,,,
RDC00530,TAR0015,,,
RDC00530,TAR0023,,,
RDC00531,TAR0015,,,
RDC00533,TAR0015,,,
RDC00534,TAR0015,,,
RDC00535,TAR0015,,,
RDC00536,TAR0015,,,
RDC00537,TAR0015,,,
RDC00538,TAR0015,,,
RDC00539,TAR0015,,,
RDC00540,TAR0015,,,
RDC00542,TAR0015,,,
RDC00543,TAR0015,,,
RDC00544,TAR0015,,,
RDC00545,TAR0015,,,
RDC00546,TAR0015,,,
RDC00547,TAR0015,,,
RDC00548,TAR0015,,,
RDC00549,TAR0015,,,
RDC00551,TAR0015,,,
RDC00552,TAR0015,,,
RDC00553,TAR0015,,,
RDC00554,TAR0015,,,
RDC00555,TAR0015,,,
RDC00556,TAR0015,,,
RDC00557,TAR0015,,,
RDC00558,TAR0015,,,
RDC00563,TAR0015,,,
RDC00564,TAR0023,,,
RDC00566,TAR0034,,,
RDC00567,TAR0034,,,
RDC00569,TAR0034,,,
RDC00570,TAR0040,,,
RDC00570,TAR0037,,,
RDC00570,TAR0041,,,
RDC00571,TAR0040,,,
RDC00571,TAR0037,,,
RDC00571,TAR0041,,,
RDC00572,TAR0039,,,
RDC00573,TAR0038,,,
RDC00574,TAR0040,,,
RDC00575,TAR0042,,,
RDC00576,TAR0043,,,
RDC00577,TAR0043,,,
RDC00578,TAR0043,,,
RDC00579,TAR0043,,,
RDC00580,TAR0044,,,
RDC00581,TAR0044,,,
RDC00582,TAR0044,,,
RDC00583,TAR0044,,,
RDC00584,TAR0044,,,
RDC00585,TAR0045,,,
RDC00586,TAR0023,,,
RDC00586,TAR0070,,,
RDC00605,TAR0002,,,
RDC00611,TAR0002,,,
RDC00612,TAR0002,,,
RDC00613,TAR0002,,,
RDC00618,TAR0002,,,
RDC00622,TAR0002,,,
RDC00623,TAR0002,,,
RDC00624,TAR0002,,,
RDC00625,TAR0002,,,
RDC00626,TAR0002,,,
RDC00627,TAR0002,,,
RDC00628,TAR0002,,,
RDC00629,TAR0002,,,
RDC00631,TAR0002,,,
RDC00632,TAR0002,,,
RDC00633,TAR0002,,,
RDC00637,TAR0002,,,
RDC00639,TAR0002,,,
RDC00641,TAR0002,,,
RDC00642,TAR0002,,,
RDC00643,TAR0002,,,
RDC00646,TAR0002,,,
RDC00650,TAR0002,,,
RDC00652,TAR0002,,,
RDC00653,TAR0002,,,
RDC00654,TAR0002,,,
RDC00655,TAR0002,,,
RDC00656,TAR0002,,,
RDC00657,TAR0002,,,
RDC00658,TAR0002,,,
RDC00659,TAR0002,,,
RDC00661,TAR0002,,,
RDC00662,TAR0002,,,
RDC00663,TAR0002,,,
RDC00666,TAR0002,,,
RDC00667,TAR0002,,,
RDC00669,TAR0002,,,
RDC00670,TAR0002,,,
RDC00671,TAR0002,,,
RDC00672,TAR0002,,,
RDC00673,TAR0002,,,
RDC00674,TAR0002,,,
RDC00676,TAR0002,,,
RDC00679,TAR0002,,,
RDC00680,TAR0002,,,
RDC00681,TAR0002,,,
RDC00682,TAR0002,,,
RDC00683,TAR0002,,,
RDC00684,TAR0002,,,
RDC00685,TAR0002,,,
RDC00686,TAR0002,,,
RDC00687,TAR0002,,,
RDC00689,TAR0002,,,
RDC00691,TAR0002,,,
RDC00692,TAR0002,,,
RDC00696,TAR0002,,,
RDC00698,TAR0002,,,
RDC00699,TAR0002,,,
RDC00700,TAR0002,,,
RDC00701,TAR0002,,,
RDC00702,TAR0002,,,
RDC00703,TAR0002,,,
RDC00704,TAR0002,,,
RDC00705,TAR0002,,,
RDC00706,TAR0002,,,
RDC00707,TAR0002,,,
RDC00708,TAR0002,,,
RDC00709,TAR0002,,,
RDC00710,TAR0002,,,
RDC00711,TAR0002,,,
RDC00712,TAR0002,,,
RDC00713,TAR0002,,,
RDC00715,TAR0002,,,
RDC00716,TAR0002,,,
RDC00717,TAR0002,,,
RDC00718,TAR0002,,,
RDC00719,TAR0002,,,
RDC00720,TAR0002,,,
RDC00721,TAR0002,,,
RDC00722,TAR0002,,,
RDC00723,TAR0002,,,
RDC00724,TAR0002,,,
RDC00725,TAR0002,,,
RDC00726,TAR0002,,,
RDC00727,TAR0002,,,
RDC00728,TAR0002,,,
RDC00729,TAR0002,,,
RDC00730,TAR0002,,,
RDC00731,TAR0002,,,
RDC00732,TAR0002,,,
RDC00733,TAR0002,,,
RDC00734,TAR0002,,,
RDC00735,TAR0003,,,
RDC00735,TAR0002,,,
RDC00736,TAR0002,,,
RDC00737,TAR0002,,,
RDC00738,TAR0002,,,
RDC00739,TAR0002,,,
RDC00740,TAR0002,,,
RDC00741,TAR0002,,,
RDC00743,TAR0002,,,
RDC00744,TAR0002,,,
RDC00745,TAR0002,,,
RDC00746,TAR0002,,,
RDC00751,TAR0003,,,
RDC00752,TAR0003,,,
RDC00754,TAR0003,,,
RDC00755,TAR0003,,,
RDC00756,TAR0003,,,
RDC00757,TAR0003,,,
RDC00758,TAR0003,,,
RDC00759,TAR0003,,,
RDC00760,TAR0003,,,
RDC00761,TAR0003,,,
RDC00762,TAR0003,,,
RDC00763,TAR0003,,,
RDC00764,TAR0003,,,
RDC00765,TAR0003,,,
RDC00766,TAR0003,,,
RDC00767,TAR0003,,,
RDC00768,TAR0003,,,
RDC00769,TAR0003,,,
RDC00770,TAR0003,,,
RDC00777,TAR0003,,,
RDC00778,TAR0003,,,
RDC00779,TAR0003,,,
RDC00780,TAR0003,,,
RDC00781,TAR0003,,,
RDC00782,TAR0003,,,
RDC00783,TAR0003,,,
RDC00784,TAR0003,,,
RDC00785,TAR0003,,,
RDC00786,TAR0003,,,
RDC00787,TAR0003,,,
RDC00788,TAR0003,,,
RDC00789,TAR0003,,,
RDC00790,TAR0003,,,
RDC00791,TAR0003,,,
RDC00792,TAR0003,,,
RDC00793,TAR0003,,,
RDC00794,TAR0003,,,
RDC00797,TAR0003,,,
RDC00798,TAR0003,,,
RDC00799,TAR0003,,,
RDC00800,TAR0003,,,
RDC00801,TAR0003,,,
RDC00802,TAR0003,,,
RDC00803,TAR0003,,,
RDC00804,TAR0003,,,
RDC00805,TAR0003,,,
RDC00806,TAR0003,,,
RDC00807,TAR0003,,,
RDC00808,TAR0003,,,
RDC00809,TAR0003,,,
RDC00810,TAR0003,,,
RDC00811,TAR0003,,,
RDC00812,TAR0003,,,
RDC00813,TAR0003,,,
RDC00814,TAR0003,,,
RDC00815,TAR0003,,,
RDC00816,TAR0003,,,
RDC00817,TAR0003,,,
RDC00818,TAR0003,,,
RDC00820,TAR0003,,,
RDC00821,TAR0003,,,
RDC00822,TAR0003,,,
RDC00823,TAR0003,,,
RDC00824,TAR0003,,,
RDC00825,TAR0003,,,
RDC00826,TAR0003,,,
RDC00827,TAR0003,,,
RDC00828,TAR0003,,,
RDC00829,TAR0003,,,
RDC00830,TAR0003,,,
RDC00831,TAR0003,,,
RDC00832,TAR0003,,,
RDC00833,TAR0003,,,
RDC00834,TAR0003,,,
RDC00836,TAR0003,,,
RDC00837,TAR0003,,,
RDC00838,TAR0003,,,
RDC00839,TAR0003,,,
RDC00840,TAR0003,,,
RDC00841,TAR0003,,,
RDC00842,TAR0003,,,
RDC00843,TAR0003,,,
RDC00844,TAR0003,,,
RDC00845,TAR0003,,,
RDC00846,TAR0003,,,
RDC00847,TAR0003,,,
RDC00848,TAR0003,,,
RDC00849,TAR0003,,,
RDC00850,TAR0003,,,
RDC00851,TAR0003,,,
RDC00852,TAR0003,,,
RDC00854,TAR0003,,,
RDC00855,TAR0003,,,
RDC00856,TAR0003,,,
RDC00857,TAR0003,,,
RDC00858,TAR0003,,,
RDC00860,TAR0003,,,
RDC00861,TAR0003,,,
RDC00862,TAR0003,,,
RDC00863,TAR0003,,,
RDC00865,TAR0003,,,
RDC00866,TAR0003,,,
RDC00867,TAR0003,,,
RDC00868,TAR0003,,,
RDC00869,TAR0003,,,
RDC00870,TAR0003,,,
RDC00871,TAR0003,,,
RDC01001,TAR0013 ,,,
RDC01002,TAR0013,,,
RDC01003,TAR0013,,,
RDC01004,TAR0013,,,
RDC01005,TAR0013,,,
RDC01006,TAR0013,,,
RDC01007,TAR0098,,,
RDC01008,TAR0098,,,
RDC01009,TAR0013,,,
RDC01010,TAR0013,,,
RDC01011,TAR0013,,,
RDC01012,TAR0013,,,
RDC01013,TAR0013,,,
RDC01015,TAR0013,,,
RDC01016,TAR0013,,,
RDC01017,TAR0013,,,
RDC01019,TAR0100,,,
RDC01020,TAR0013,,,
RDC01021,TAR0013,,,
RDC01022,TAR0013,,,
RDC01024,TAR0013,,,
RDC01025,TAR0013,,,
RDC01026,TAR0101,,,
RDC01027,TAR0013,,,
RDC01028,TAR0107,,,
RDC01029,TAR0097,,,
RDC01032,TAR0102,,,
RDC01033,TAR0103,,,
RDC01034,TAR0103,,,
RDC01035,TAR0103,,,
RDC01036,TAR0005,,,
RDC01039,TAR0005,,,
RDC01041,TAR0005,,,
RDC01042,TAR0005,,,
RDC01043,TAR0005,,,
RDC01044,TAR0005,,,
RDC01045,TAR0106,,,
RDC01050,TAR0005,,,
RDC01052,TAR0005,,,
RDC01056,TAR0005,,,
RDC01057,TAR0005,,,
RDC01060,TAR0005,,,
RDC01061,TAR0007,,,
RDC01062,TAR0007,,,
RDC01063,TAR0007,,,
RDC01064,TAR0007,,,
RDC01066,TAR0007,,,
RDC01067,TAR0007,,,
RDC01068,TAR0007,,,
RDC01069,TAR0007,,,
RDC01070,TAR0018,,,
RDC01083,TAR0005,,,
RDC01085,TAR0005,,,
RDC01085,TAR0023,,,
RDC01086,TAR0005,,,
RDC01087,TAR0005,,,
RDC01089,TAR0005,,,
RDC01090,TAR0005,,,
RDC01091,TAR0005,,,
RDC01092,TAR0005,,,
RDC01095,TAR0005,,,
RDC01096,TAR0005,,,
RDC01097,TAR0005,,,
RDC01101,TAR0005,,,
RDC01105,TAR0005,,,
RDC01106,TAR0005,,,
RDC01107,TAR0005,,,
RDC01108,TAR0005,,,
RDC01109,TAR0005,,,
RDC01111,TAR0005,,,
RDC01112,TAR0005,,,
RDC01113,TAR0005,,,
RDC01114,TAR0005,,,
RDC01115,TAR0005,,,
RDC01116,TAR0005,,,
RDC01117,TAR0005,,,
RDC01119,TAR0005,,,
RDC01120,TAR0005,,,
RDC01121,TAR0005,,,
RDC01122,TAR0005,,,
RDC01123,TAR0005,,,
RDC01125,TAR0024,,,
RDC01126,TAR0024,,,
RDC01129,TAR0005,,,
RDC01130,TAR0005,,,
RDC01133,TAR0005,,,
RDC01135,TAR0005,,,
RDC01136,TAR0021,,,
RDC01137,TAR0021,,,
RDC01138,TAR0005,,,
RDC01139,TAR0005,,,
RDC01140,TAR0005,,,
RDC01141,TAR0005,,,
RDC01142,TAR0005,,,
RDC01143,TAR0005,,,
RDC01144,TAR0005,,,
RDC01145,TAR0005,,,
RDC01146,TAR0005,,,
RDC01147,TAR0005,,,
RDC01148,TAR0076,,,
RDC01149,TAR0005,,,
RDC01151,TAR0005,,,
RDC01152,TAR0005,,,
RDC01153,TAR0005,,,
RDC01154,TAR0005,,,
RDC01155,TAR0005,,,
RDC01156,TAR0005,,,
RDC01158,TAR0005,,,
RDC01159,TAR0005,,,
RDC01160,TAR0005,,,
RDC01161,TAR0005,,,
RDC01162,TAR0005,,,
RDC01163,TAR0005,,,
RDC01164,TAR0016,,,
RDC01165,TAR0005,,,
RDC01166,TAR0005,,,
RDC01167,TAR0005,,,
RDC01168,TAR0005,,,
RDC01169,TAR0005,,,
RDC01170,TAR0005,,,
RDC01171,TAR0005,,,
RDC01172,TAR0005,,,
RDC01173,TAR0005,,,
RDC01174,TAR0005,,,
RDC01179,TAR0005,,,
RDC01180,TAR0005,,,
RDC01181,TAR0005,,,
RDC01182,TAR0005,,,
RDC01183,TAR0005,,,
RDC01184,TAR0015,,,
RDC01185,TAR0005,,,
RDC01186,TAR0005,,,
RDC01187,TAR0005,,,
RDC01188,TAR0074,,,
RDC01189,TAR0074,,,
RDC01191,TAR0074,,,
RDC01193,TAR0074,,,
RDC01195,TAR0074,,,
RDC01196,TAR0074,,,
RDC01197,TAR0074,,,
RDC01200,TAR0074,,,
RDC01202,TAR0074,,,
RDC01204,TAR0074,,,
RDC01205,TAR0074,,,
RDC01206,TAR0074,,,
RDC01207,TAR0074,,,
RDC01208,TAR0074,,,
RDC01209,TAR0074,,,
RDC01210,TAR0074,,,
RDC01211,TAR0074,,,
RDC01212,TAR0075,,,
RDC01213,TAR0005,,,
RDC01214,TAR0005,,,
RDC01215,TAR0074,,,
RDC01216,TAR0074,,,
RDC01221,TAR0001,,,
RDC01223,TAR0001,,,
RDC01224,TAR0001,,,
RDC01225,TAR0001,,,
RDC01226,TAR0001,,,
RDC01227,TAR0001,,,
RDC01228,TAR0001,,,
RDC01231,TAR0001,,,
RDC01235,TAR0001,,,
RDC01236,TAR0001,,,
RDC01237,TAR0001,,,
RDC01238,TAR0001,,,
RDC01241,TAR0001,,,
RDC01243,TAR0001,,,
RDC01245,TAR0001,,,
RDC01247,TAR0001,,,
RDC01248,TAR0001,,,
RDC01250,TAR0001,,,
RDC01251,TAR0001,,,
RDC01253,TAR0001,,,
RDC01256,TAR0001,,,
RDC01257,TAR0001,,,
RDC01258,TAR0001,,,
RDC01259,TAR0001,,,
RDC01262,TAR0001,,,
RDC01267,TAR0001,,,
RDC01269,TAR0001,,,
RDC01271,TAR0001,,,
RDC01279,TAR0001,,,
RDC01287,TAR0023,,,
RDC01288,TAR0040,,,
RDC01289,TAR0001,,,
RDC01290,TAR0001,,,
RDC01291,TAR0001,,,
RDC01292,TAR0001,,,
RDC01293,TAR0001,,,
RDC01268,TAR0001,,,
RDC01295,TAR0001,,,
RDC01296,TAR0001,,,
RDC01297,TAR0001,,,
RDC01298,TAR0001,,,
RDC01302,TAR0001,,,
RDC01305,TAR0001,,,
RDC01306,TAR0001,,,
RDC01309,TAR0001,,,
RDC01310,TAR0001,,,
RDC01311,TAR0001,,,
RDC01313,TAR0001,,,
RDC01314,TAR0001,,,
RDC01315,TAR0001,,,
RDC01316,TAR0001,,,
RDC01317,TAR0001,,,
RDC01318,TAR0001,,,
RDC01319,TAR0001,,,
RDC01320,TAR0001,,,
RDC01321,TAR0001,,,
RDC01322,TAR0001,,,
RDC01324,TAR0001,,,
RDC01325,TAR0001,,,
RDC01326,TAR0001,,,
RDC01328,TAR0001,,,
RDC01329,TAR0001,,,
RDC01330,TAR0001,,,
RDC01333,TAR0001,,,
RDC01334,TAR0001,,,
RDC01335,TAR0001,,,
RDC01336,TAR0001,,,
RDC01337,TAR0001,,,
RDC01338,TAR0001,,,
RDC01339,TAR0001,,,
RDC01340,TAR0001,,,
RDC01341,TAR0001,,,
RDC01342,TAR0001,,,
RDC01343,TAR0001,,,
RDC01344,TAR0001,,,
RDC01345,TAR0001,,,
RDC01346,TAR0001,,,
RDC01347,TAR0001,,,
RDC01348,TAR0001,,,
RDC01349,TAR0001,,,
RDC01350,TAR0001,,,
RDC01351,TAR0001,,,
RDC01352,TAR0001,,,
RDC01353,TAR0001,,,
RDC01354,TAR0001,,,
RDC01355,TAR0001,,,
RDC01356,TAR0001,,,
RDC01357,TAR0001,,,
RDC01358,TAR0001,,,
RDC01359,TAR0001,,,
RDC01360,TAR0001,,,
RDC01362,TAR0001,,,
RDC01363,TAR0001,,,
RDC01364,TAR0001,,,
RDC01365,TAR0001,,,
RDC01567,TAR0001,,,
RDC01568,TAR0001,,,
RDC01569,TAR0001,,,
RDC01370,TAR0001,,,
RDC01371,TAR0001,,,
RDC01372,TAR0001,,,
RDC01374,TAR0001,,,
RDC01375,TAR0001,,,
RDC01380,TAR0001,,,
RDC01381,TAR0001,,,
RDC01383,TAR0001,,,
RDC01384,TAR0001,,,
RDC01385,TAR0001,,,
RDC01386,TAR0001,,,
RDC01390,TAR0001,,,
RDC01391,TAR0001,,,
RDC01392,TAR0001,,,
RDC01393,TAR0001,,,
RDC01395,TAR0001,,,
RDC01396,TAR0001,,,
RDC01397,TAR0001,,,
RDC01398,TAR0001,,,
RDC01399,TAR0001,,,
RDC01400,TAR0001,,,
RDC01401,TAR0001,,,
RDC01402,TAR0001,,,
RDC01403,TAR0001,,,
RDC01404,TAR0001,,,
RDC01405,TAR0001,,,
RDC01406,TAR0001,,,
RDC01407,TAR0001,,,
RDC01373,TAR0001,,,
RDC01408,TAR0001,,,
RDC01409,TAR0001,,,
RDC01414,TAR0001,,,
RDC01415,TAR0001,,,
RDC01418,TAR0001,,,
RDC01419,TAR0001,,,
RDC01420,TAR0001,,,
RDC01421,TAR0001,,,
RDC01422,TAR0001,,,
RDC01423,TAR0001,,,
RDC01424,TAR0001,,,
RDC01425,TAR0001,,,
RDC01426,TAR0001,,,
RDC01431,TAR0001,,,
RDC01432,TAR0001,,,
RDC01433,TAR0001,,,
RDC01435,TAR0001,,,
RDC01436,TAR0001,,,
RDC01437,TAR0001,,,
RDC01438,TAR0001,,,
RDC01439,TAR0001,,,
RDC01440,TAR0001,,,
RDC01441,TAR0001,,,
RDC01442,TAR0001,,,
RDC01443,TAR0001,,,
RDC01444,TAR0001,,,
RDC01445,TAR0056,,,
RDC01446,TAR0056,,,
RDC01447,TAR0001,,,
RDC01448,TAR0001,,,
RDC01450,TAR0001,,,
RDC01451,TAR0001,,,
RDC01452,TAR0001,,,
RDC01453,TAR0001,,,
RDC01454,TAR0001,,,
RDC01455,TAR0001,,,
RDC01456,TAR0001,,,
RDC01457,TAR0001,,,
RDC01458,TAR0001,,,
RDC01459,TAR0001,,,
RDC01460,TAR0001,,,
RDC01462,TAR0001,,,
RDC01463,TAR0001,,,
RDC01465,TAR0001,,,
RDC01466,TAR0001,,,
RDC01467,TAR0001,,,
RDC01468,TAR0001,,,
RDC01469,TAR0001,,,
RDC01470,TAR0001,,,
RDC01471,TAR0001,,,
RDC01472,TAR0001,,,
RDC01473,TAR0001,,,
RDC01474,TAR0001,,,
RDC01475,TAR0001,,,
RDC01476,TAR0001,,,
RDC01477,TAR0001,,,
RDC01478,TAR0001,,,
RDC01480,TAR0001,,,
RDC01481,TAR0001,,,
RDC01482,TAR0001,,,
RDC01483,TAR0001,,,
RDC01484,TAR0001,,,
RDC01485,TAR0001,,,
RDC01487,TAR0001,,,
RDC01488,TAR0001,,,
RDC01492,TAR0001,,,
RDC01493,TAR0001,,,
RDC01494,TAR0001,,,
RDC01495,TAR0001,,,
RDC01496,TAR0001,,,
RDC01497,TAR0001,,,
RDC01498,TAR0072,,,
RDC01499,TAR0001,,,
RDC01500,TAR0001,,,
RDC01501,TAR0125,,,
RDC01502,TAR0001,,,
RDC01503,TAR0001,,,
RDC01504,TAR0001,,,
RDC01505,TAR0001,,,
RDC01506,TAR0001,,,
RDC01507,TAR0001,,,
RDC01508,TAR0001,,,
RDC01509,TAR0001,,,
RDC01510,TAR0001,,,
RDC01511,TAR0001,,,
RDC01512,TAR0001,,,
RDC01513,TAR0001,,,
RDC01514,TAR0001,,,
RDC01515,TAR0001,,,
RDC01516,TAR0001,,,
RDC01517,TAR0001,,,
RDC01518,TAR0001,,,
RDC01520,TAR0001,,,
RDC01521,TAR0001,,,
RDC01522,TAR0001,,,
RDC01524,TAR0001,,,
RDC01525,TAR0001,,,
RDC01526,TAR0001,,,
RDC01527,TAR0001,,,
RDC01528,TAR0001,,,
RDC01529,TAR0001,,,
RDC01531,TAR0001,,,
RDC01532,TAR0001,,,
RDC01533,TAR0001,,,
RDC01534,TAR0001,,,
RDC01537,TAR0001,,,
RDC01538,TAR0001,,,
RDC01540,TAR0001,,,
RDC01541,TAR0001,,,
RDC01543,TAR0001,,,
RDC01544,TAR0001,,,
RDC01545,TAR0001,,,
RDC01546,TAR0001,,,
RDC01547,TAR0001,,,
RDC01548,TAR0001,,,
RDC01549,TAR0001,,,
RDC01550,TAR0001,,,
RDC01552,TAR0001,,,
RDC01553,TAR0001,,,
RDC01554,TAR0001,,,
RDC01555,TAR0001,,,
RDC01556,TAR0001,,,
RDC01557,TAR0001,,,
RDC01558,TAR0001,,,
RDC01559,TAR0001,,,
RDC01560,TAR0001,,,
RDC01561,TAR0001,,,
RDC01562,TAR0001,,,
RDC01563,TAR0001,,,
RDC01564,TAR0001,,,
RDC01565,TAR0001,,,
RDC01600,TAR0016,,,
RDC01603,TAR0016,,,
RDC01604,TAR0016,,,
RDC01605,TAR0016,,,
RDC01606,TAR0016,,,
RDC01609,TAR0016,,,
RDC01610,TAR0016,,,
RDC01611,TAR0016,,,
RDC01612,TAR0016,,,
RDC01613,TAR0016,,,
RDC01614,TAR0016,,,
RDC01615,TAR0016,,,
RDC01616,TAR0016,,,
RDC01620,TAR0016,,,
RDC01622,TAR0016,,,
RDC01625,TAR0016,,,
RDC01626,TAR0016,,,
RDC01627,TAR0016,,,
RDC01628,TAR0016,,,
RDC01631,TAR0016,,,
RDC01632,TAR0016,,,
RDC01633,TAR0016,,,
RDC01634,TAR0016,,,
RDC01635,TAR0016,,,
RDC01637,TAR0016,,,
RDC01638,TAR0016,,,
RDC01639,TAR0016,,,
RDC01640,TAR0016,,,
RDC01641,TAR0016,,,
RDC01642,TAR0016,,,
RDC01644,TAR0016,,,
RDC01645,TAR0016,,,
RDC01646,TAR0016,,,
RDC01647,TAR0016,,,
RDC01648,TAR0016,,,
RDC01649,TAR0046,,,
RDC01650,TAR0016,,,
RDC01651,TAR0016,,,
RDC01652,TAR0016,,,
RDC01653,TAR0016,,,
RDC01654,TAR0016,,,
RDC01655,TAR0016,,,
RDC01656,TAR0016,,,
RDC01657,TAR0016,,,
RDC01658,TAR0016,,,
RDC01659,TAR0016,,,
RDC01660,TAR0016,,,
RDC01662,TAR0016,,,
RDC01663,TAR0016,,,
RDC01664,TAR0016,,,
RDC01665,TAR0016,,,
RDC01666,TAR0016,,,
RDC01667,TAR0016,,,
RDC01668,TAR0016,,,
RDC01669,TAR0016,,,
RDC01670,TAR0016,,,
RDC01673,TAR0016,,,
RDC01674,TAR0016,,,
RDC01677,TAR0016,,,
RDC01678,TAR0016,,,
RDC01679,TAR0016,,,
RDC01680,TAR0016,,,
RDC01681,TAR0016,,,
RDC01682,TAR0016,,,
RDC01683,TAR0016,,,
RDC01684,TAR0016,,,
RDC01685,TAR0016,,,
RDC01686,TAR0016,,,
RDC01687,TAR0016,,,
RDC01688,TAR0016,,,
RDC01689,TAR0016,,,
RDC01695,TAR0016,,,
RDC01696,TAR0016,,,
RDC01697,TAR0016,,,
RDC01698,TAR0016,,,
RDC01699,TAR0016,,,
RDC01700,TAR0016,,,
RDC01701,TAR0016,,,
RDC01702,TAR0016,,,
RDC01703,TAR0016,,,
RDC01704,TAR0016,,,
RDC01707,TAR0016,,,
RDC01708,TAR0016,,,
RDC01710,TAR0016,,,
RDC01711,TAR0016,,,
RDC01712,TAR0016,,,
RDC01713,TAR0016,,,
RDC01714,TAR0016,,,
RDC01716,TAR0016,,,
RDC01717,TAR0016,,,
RDC01718,TAR0016,,,
RDC01719,TAR0016,,,
RDC01720,TAR0016,,,
RDC01721,TAR0016,,,
RDC01723,TAR0016,,,
RDC01724,TAR0016,,,
RDC01725,TAR0016,,,
RDC01726,TAR0016,,,
RDC01727,TAR0027,,,
RDC01729,TAR0016,,,
RDC01730,TAR0016,,,
RDC01731,TAR0016,,,
RDC01740,TAR0016,,,
RDC01741,TAR0016,,,
RDC01742,TAR0016,,,
RDC01743,TAR0016,,,
RDC01744,TAR0016,,,
RDC01745,TAR0016,,,
RDC01746,TAR0016,,,
RDC01747,TAR0016,,,
RDC01748,TAR0016,,,
RDC01749,TAR0016,,,
RDC01750,TAR0016,,,
RDC01751,TAR0016,,,
RDC01752,TAR0016,,,
RDC01753,TAR0016,,,
RDC01754,TAR0016,,,
RDC01755,TAR0016,,,
RDC01756,TAR0016,,,
RDC01757,TAR0016,,,
RDC01758,TAR0016,,,
RDC01759,TAR0016,,,
RDC01760,TAR0016,,,
RDC01761,TAR0016,,,
RDC01763,TAR0016,,,
RDC01764,TAR0016,,,
RDC01765,TAR0016,,,
RDC01766,TAR0016,,,
RDC01767,TAR0016,,,
RDC01768,TAR0016,,,
RDC01769,TAR0016,,,
RDC01770,TAR0016,,,
RDC01772,TAR0016,,,
RDC01775,TAR0016,,,
RDC01776,TAR0016,,,
RDC01777,TAR0016,,,
RDC01779,TAR0016,,,
RDC01781,TAR0016,,,
RDC01782,TAR0016,,,
RDC01783,TAR0016,,,
RDC01784,TAR0016,,,
RDC01785,TAR0016,,,
RDC01788,TAR0016,,,
RDC01789,TAR0016,,,
RDC01790,TAR0016,,,
RDC01791,TAR0016,,,
RDC01792,TAR0016,,,
RDC01793,TAR0016,,,
RDC01794,TAR0016,,,
RDC01795,TAR0016,,,
RDC01796,TAR0016,,,
RDC01797,TAR0016,,,
RDC01799,TAR0016,,,
RDC01802,TAR0016,,,
RDC01807,TAR0016,,,
RDC01808,TAR0016,,,
RDC01809,TAR0016,,,
RDC01810,TAR0016,,,
RDC01811,TAR0016,,,
RDC01812,TAR0016,,,
RDC01813,TAR0016,,,
RDC01814,TAR0016,,,
RDC01815,TAR0016,,,
RDC01816,TAR0016,,,
RDC01817,TAR0016,,,
RDC01818,TAR0016,,,
RDC01819,TAR0016,,,
RDC01820,TAR0016,,,
RDC01821,TAR0016,,,
RDC01822,TAR0016,,,
RDC01823,TAR0015,,,
RDC01824,TAR0016,,,
RDC01825,TAR0016,,,
RDC01826,TAR0016,,,
RDC01827,TAR0016,,,
RDC01828,TAR0016,,,
RDC01829,TAR0016,,,
RDC01830,TAR0016,,,
RDC01834,TAR0016,,,
RDC01835,TAR0016,,,
RDC01837,TAR0020,,,
RDC01837,TAR0016,,,
RDC01838,TAR0016,,,
RDC01839,TAR0016,,,
RDC01840,TAR0016,,,
RDC01840,TAR0046,,,
RDC01841,TAR0046,,,
RDC01842,TAR0077,,,
RDC01842,TAR0078,,,
RDC01842,TAR0016,,,
RDC01843,TAR0077,,,
RDC01843,TAR0078,,,
RDC01843,TAR0016,,,
RDC01844,TAR0016,,,
RDC01845,TAR0016,,,
RDC01846,TAR0016,,,
RDC01847,TAR0016,,,
RDC01848,TAR0016,,,
RDC01849,TAR0016,,,
RDC01850,TAR0016,,,
RDC01851,TAR0016,,,
RDC01852,TAR0016,,,
RDC01853,TAR0016,,,
RDC01854,TAR0016,,,
RDC01855,TAR0016,,,
RDC01856,TAR0016,,,
RDC01857,TAR0016,,,
RDC01858,TAR0016,,,
RDC01859,TAR0016,,,
RDC01860,TAR0016,,,
RDC01861,TAR0016,,,
RDC01864,TAR0016,,,
RDC01867,TAR0016,,,
RDC01868,TAR0016,,,
RDC01869,TAR0016,,,
RDC01870,TAR0079,,,
RDC01872,TAR0016,,,
RDC01873,TAR0016,,,
RDC01874,TAR0016,,,
RDC01875,TAR0016,,,
RDC01882,TAR0016,,,
RDC01883,TAR0016,,,
RDC01884,TAR0016,,,
RDC01885,TAR0016,,,
RDC01886,TAR0016,,,
RDC01887,TAR0016,,,
RDC01888,TAR0016,,,
RDC01890,TAR0016,,,
RDC01891,TAR0016,,,
RDC01892,TAR0016,,,
RDC01895,TAR0016,,,
RDC01897,TAR0016,,,
RDC01899,TAR0016,,,
RDC01900,TAR0016,,,
RDC01906,TAR0016,,,
RDC01907,TAR0016,,,
RDC01908,TAR0016,,,
RDC01909,TAR0016,,,
RDC01910,TAR0016,,,
RDC01911,TAR0016,,,
RDC01914,TAR0016,,,
RDC01916,TAR0016,,,
RDC01917,TAR0016,,,
RDC01918,TAR0016,,,
RDC01919,TAR0016,,,
RDC01920,TAR0016,,,
RDC01921,TAR0016,,,
RDC01922,TAR0016 ,,,
RDC01924,TAR0016,,,
RDC01927,TAR0016,,,
RDC01928,TAR0016,,,
RDC01929,TAR0016,,,
RDC01930,TAR0016,,,
RDC01931,TAR0016,,,
RDC01932,TAR0016,,,
RDC01933,TAR0016,,,
RDC01934,TAR0016,,,
RDC01937,TAR0016,,,
RDC01938,TAR0016,,,
RDC01940,TAR0016,,,
RDC01941,TAR0016,,,
RDC01942,TAR0016,,,
RDC01943,TAR0016,,,
RDC01944,TAR0016,,,
RDC01945,TAR0016,,,
RDC01946,TAR0016,,,
RDC01947,TAR0016,,,
RDC01950,TAR0016,,,
RDC01951,TAR0016,,,
RDC01952,TAR0016,,,
RDC01953,TAR0016,,,
RDC01955,TAR0016,,,
RDC01956,TAR0016,,,
RDC01958,TAR0016,,,
RDC01959,TAR0016,,,
RDC01964,TAR0016,,,
RDC01965,TAR0016,,,
RDC01966,TAR0016,,,
RDC01967,TAR0016,,,
RDC01968,TAR0016,,,
RDC01970,TAR0016,,,
RDC01971,TAR0016,,,
RDC01975,TAR0016,,,
RDC01976,TAR0016,,,
RDC01977,TAR0016,,,
RDC01978,TAR0016,,,
RDC01980,TAR0016,,,
RDC01981,TAR0016,,,
RDC01982,TAR0016,,,
RDC01983,TAR0016,,,
RDC02000,TAR0020,,,
RDC02001,TAR0020,,,
RDC02003,TAR0020,,,
RDC02004,TAR0020,,,
RDC02005,TAR0020,,,
RDC02006,TAR0020,,,
RDC02007,TAR0020,,,
RDC02008,TAR0020,,,
RDC02009,TAR0020,,,
RDC02010,TAR0020,,,
RDC02011,TAR0020,,,
RDC02012,TAR0020,,,
RDC02013,TAR0020,,,
RDC02014,TAR0020,,,
RDC02015,TAR0020,,,
RDC02016,TAR0020,,,
RDC02017,TAR0020,,,
RDC02018,TAR0020,,,
RDC02019,TAR0020,,,
RDC02020,TAR0020,,,
RDC02021,TAR0020,,,
RDC02022,TAR0020,,,
RDC02023,TAR0020,,,
RDC02024,TAR0020,,,
RDC02025,TAR0020,,,
RDC02026,TAR0020,,,
RDC02027,TAR0020,,,
RDC02028,TAR0020,,,
RDC02030,TAR0020,,,
RDC02035,TAR0020,,,
RDC02036,TAR0020,,,
RDC02037,TAR0020,,,
RDC02038,TAR0020,,,
RDC02039,TAR0020,,,
RDC02040,TAR0020,,,
RDC02041,TAR0020,,,
RDC02042,TAR0020,,,
RDC02043,TAR0020,,,
RDC02044,TAR0020,,,
RDC02051,TAR0001,,,
RDC02051,TAR0020,,,
RDC02052,TAR0020,,,
RDC02053,TAR0020,,,
RDC02054,TAR0020,,,
RDC02055,TAR0020,,,
RDC02056,TAR0020,,,
RDC02057,TAR0020,,,
RDC02058,TAR0020,,,
RDC02060,TAR0020,,,
RDC02061,TAR0020,,,
RDC02062,TAR0020,,,
RDC02063,TAR0020,,,
RDC02064,TAR0020,,,
RDC02065,TAR0020,,,
RDC02066,TAR0020,,,
RDC02067,TAR0020,,,
RDC02068,TAR0020,,,
RDC02069,TAR0020,,,
RDC02070,TAR0020,,,
RDC02072,TAR0020,,,
RDC02074,TAR0001,,,
RDC02075,TAR0001,,,
RDC02075,TAR0020,,,
RDC02076,TAR0001,,,
RDC02077,TAR0001,,,
RDC02079,TAR0020,,,
RDC02080,TAR0020,,,
RDC02081,TAR0020,,,
RDC02082,TAR0020,,,
RDC02083,TAR0020,,,
RDC02084,TAR0020,,,
RDC02085,TAR0020,,,
RDC02086,TAR0020,,,
RDC02087,TAR0020,,,
RDC02091,TAR0001,,,
RDC02091,TAR0020,,,
RDC02092,TAR0020,,,
RDC02094,TAR0020,,,
RDC02095,TAR0020,,,
RDC02096,TAR0020,,,
RDC02098,TAR0020,,,
RDC02099,TAR0020,,,
RDC02099,TAR0081,,,
RDC02100,TAR0020,,,
RDC02101,TAR0081,,,
RDC02102,TAR0020,,,
RDC02103,TAR0081,,,
RDC02104,TAR0020,,,
RDC02105,TAR0020,,,
RDC02107,TAR0020,,,
RDC02108,TAR0020,,,
RDC02109,TAR0020,,,
RDC02110,TAR0020,,,
RDC02112,TAR0020,,,
RDC02114,TAR0020,,,
RDC02115,TAR0020,,,
RDC02115,TAR0001,,,
RDC02116,TAR0020,,,
RDC02116,TAR0001,,,
RDC02117,TAR0020,,,
RDC02118,TAR0020,,,
RDC02119,TAR0020,,,
RDC02120,TAR0020,,,
RDC02121,TAR0020,,,
RDC02122,TAR0020,,,
RDC02123,TAR0020,,,
RDC02124,TAR0020,,,
RDC02127,TAR0020,,,
RDC02133,TAR0020,,,
RDC02134,TAR0020,,,
RDC02135,TAR0020,,,
RDC02136,TAR0020,,,
RDC02141,TAR0020,,,
RDC02142,TAR0020,,,
RDC02143,TAR0020,,,
RDC02144,TAR0020,,,
RDC02145,TAR0020,,,
RDC02146,TAR0020,,,
RDC02148,TAR0020,,,
RDC02148,TAR0081,,,
RDC02149,TAR0020,,,
RDC02150,TAR0081,,,
RDC02151,TAR0020,,,
RDC02152,TAR0020,,,
RDC02153,TAR0020,,,
RDC02154,TAR0020,,,
RDC02156,TAR0020,,,
RDC02157,TAR0020,,,
RDC02158,TAR0020,,,
RDC02162,TAR0020,,,
RDC02163,TAR0020,,,
RDC02164,TAR0020,,,
RDC02165,TAR0020,,,
RDC02166,TAR0020,,,
RDC02167,TAR0020,,,
RDC02168,TAR0020,,,
RDC02168,TAR0023,,,
RDC02169,TAR0020,,,
RDC02169,TAR0023,,,
RDC02170,TAR0020,,,
RDC02171,TAR0020,,,
RDC02172,TAR0020,,,
RDC02173,TAR0020,,,
RDC02174,TAR0020,,,
RDC02175,TAR0020,,,
RDC02176,TAR0020,,,
RDC02177,TAR0020,,,
RDC02178,TAR0020,,,
RDC02179,TAR0020,,,
RDC02181,TAR0020,,,
RDC02182,TAR0020,,,
RDC02183,TAR0020,,,
RDC02184,TAR0020,,,
RDC02185,TAR0020,,,
RDC02186,TAR0020,,,
RDC02191,TAR0020,,,
RDC02193,TAR0020,,,
RDC02194,TAR0020,,,
RDC02197,TAR0020,,,
RDC02198,TAR0001,,,
RDC02198,TAR0020,,,
RDC02199,TAR0020,,,
RDC02203,TAR0020,,,
RDC02204,TAR0020,,,
RDC02205,TAR0020,,,
RDC02206,TAR0020,,,
RDC02207,TAR0020,,,
RDC02208,TAR0020,,,
RDC02209,TAR0020,,,
RDC02210,TAR0020,,,
RDC02211,TAR0020,,,
RDC02213,TAR0020,,,
RDC02215,TAR0020,,,
RDC02219,TAR0020,,,
RDC02220,TAR0020,,,
RDC02221,TAR0020,,,
RDC02222,TAR0020,,,
RDC02223,TAR0020,,,
RDC02224,TAR0020,,,
RDC02225,TAR0020,,,
RDC02226,TAR0020,,,
RDC02227,TAR0020,,,
RDC02230,TAR0020,,,
RDC02232,TAR0020,,,
RDC02233,TAR0020,,,
RDC02234,TAR0020,,,
RDC02236,TAR0020,,,
RDC02237,TAR0020,,,
RDC02238,TAR0001,,,
RDC02238,TAR0020,,,
RDC02239,TAR0020,,,
RDC02240,TAR0020,,,
RDC02241,TAR0020,,,
RDC02242,TAR0020,,,
RDC02243,TAR0020,,,
RDC02244,TAR0020,,,
RDC02245,TAR0020,,,
RDC02246,TAR0020,,,
RDC02252,TAR0006,,,
RDC02253,TAR0006,,,
RDC02254,TAR0006,,,
RDC02255,TAR0006,,,
RDC02256,TAR0006,,,
RDC02257,TAR0006,,,
RDC02258,TAR0006,,,
RDC02259,TAR0006,,,
RDC02260,TAR0006,,,
RDC02261,TAR0006,,,
RDC02262,TAR0006,,,
RDC02263,TAR0006,,,
RDC02265,TAR0006,,,
RDC02266,TAR0006,,,
RDC02267,TAR0006,,,
RDC02278,TAR0006,,,
RDC02280,TAR0006,,,
RDC02281,TAR0006,,,
RDC02282,TAR0006,,,
RDC02283,TAR0006,,,
RDC02286,TAR0006,,,
RDC02287,TAR0006,,,
RDC02288,TAR0006,,,
RDC02302,TAR0009,,,
RDC02303,TAR0009,,,
RDC02304,TAR0009,,,
RDC02305,TAR0009,,,
RDC02306,TAR0009,,,
RDC02308,TAR0009,,,
RDC02309,TAR0009,,,
RDC02310,TAR0009,,,
RDC02312,TAR0009,,,
RDC02314,TAR0009,,,
RDC02315,TAR0009,,,
RDC02316,TAR0009,,,
RDC02317,TAR0009,,,
RDC02319,TAR0009,,,
RDC02320,TAR0009,,,
RDC02321,TAR0009,,,
RDC02322,TAR0009,,,
RDC02325,TAR0009,,,
RDC02329,TAR0009,,,
RDC02330,TAR0047,,,
RDC02331,TAR0009,,,
RDC02332,TAR0009,,,
RDC02333,TAR0048,,,
RDC02334,TAR0048,,,
RDC02336,TAR0122,,,
RDC02340,TAR0049,,,
RDC02341,TAR0049,,,
RDC02342,TAR0009,,,
RDC02345,TAR0049,,,
RDC02346,TAR0050,,,
RDC02352,TAR0017,,,
RDC02353,TAR0017,,,
RDC02354,TAR0017,,,
RDC02355,TAR0017,,,
RDC02356,TAR0017,,,
RDC02357,TAR0011,,,
RDC02358,TAR0017,,,
RDC02359,TAR0017,,,
RDC02361,TAR0017,,,
RDC02362,TAR0017,,,
RDC02363,TAR0017,,,
RDC02365,TAR0017,,,
RDC02366,TAR0017,,,
RDC02371,TAR0040,,,
RDC02372,TAR0017,,,
RDC02374,TAR0017,,,
RDC02375,TAR0017,,,
RDC02376,TAR0017,,,
RDC02377,TAR0017,,,
RDC02378,TAR0017,,,
RDC02379,TAR0017,,,
RDC02380,TAR0017,,,
RDC02381,TAR0017,,,
RDC02382,TAR0018,,,
RDC02382,TAR0017,,,
RDC02383,TAR0017,,,
RDC02384,TAR0017,,,
RDC02385,TAR0017,,,
RDC02386,TAR0017,,,
RDC02387,TAR0017,,,
RDC02388,TAR0017,,,
RDC02389,TAR0017,,,
RDC02390,TAR0017,,,
RDC02391,TAR0017,,,
RDC02393,TAR0017,,,
RDC02394,TAR0017,,,
RDC02395,TAR0017,,,
RDC02396,TAR0017,,,
RDC02397,TAR0017,,,
RDC02399,TAR0017,,,
RDC02402,TAR0017,,,
RDC02404,TAR0017,,,
RDC02406,TAR0017,,,
RDC02408,TAR0017,,,
RDC02410,TAR0017,,,
RDC02411,TAR0017,,,
RDC02412,TAR0017,,,
RDC02413,TAR0017,,,
RDC02414,TAR0017,,,
RDC02421,TAR0121,,,
RDC02421,TAR0011,,,
RDC02422,TAR0011,,,
RDC02423,TAR0011,,,
RDC02425,TAR0011,,,
RDC02426,TAR0011,,,
RDC02427,TAR0011,,,
RDC02428,TAR0011,,,
RDC02429,TAR0011,,,
RDC02430,TAR0011,,,
RDC02431,TAR0011,,,
RDC02432,TAR0119,,,
RDC02433,TAR0119,,,
RDC02436,TAR0119,,,
RDC02439,TAR0120,,,
RDC02440,TAR0069,,,
RDC02441,TAR0016,,,
RDC02442,TAR0013,,,
RDC02443,TAR0013,,,
RDC02444,TAR0117,,,
RDC02445,TAR0118,,,
RDC02446,TAR0112,,,
RDC02449,TAR0112,,,
RDC02450,TAR0115,,,
RDC02451,TAR0114,,,
RDC02452,TAR0068,,,
RDC02453,TAR0113,,,
RDC02454,TAR0112,,,
RDC02457,TAR0067,,,
RDC02458,TAR0112,,,
RDC02459,TAR0112,,,
RDC02460,TAR0112,,,
RDC02461,TAR0112,,,
RDC02462,TAR0019,,,
RDC02463,TAR0019,,,
RDC02464,TAR0026,,,
RDC02465,TAR0026,,,
RDC02466,TAR0026,,,
RDC02467,TAR0026,,,
RDC02468,TAR0026,,,
RDC02469,TAR0026,,,
RDC02470,TAR0026,,,
RDC02471,TAR0026,,,
RDC02472,TAR0026,,,
RDC02472,TAR0066,,,
RDC02473,TAR0111,,,
RDC02474,TAR0111,,,
RDC02475,TAR0110,,,
RDC02476,TAR0110,,,
RDC02477,TAR0026,,,
RDC02479,TAR0026,,,
RDC02481,TAR0026,,,
RDC02483,TAR0110,,,
RDC02484,TAR0110,,,
RDC02485,TAR0110,,,
RDC02492,TAR0091,,,
RDC02493,TAR0091,,,
RDC02494,TAR0091,,,
RDC02499,TAR0091,,,
RDC02501,TAR0092,,,
RDC02515,TAR0030,,,
RDC02516,TAR0030,,,
RDC02520,TAR0030,,,
RDC02521,TAR0030,,,
RDC02525,TAR0030,,,
RDC02526,TAR0030,,,
RDC02527,TAR0030,,,
RDC02528,TAR0030,,,
RDC02529,TAR0030,,,
RDC02531,TAR0030,,,
RDC02532,TAR0030,,,
RDC02533,TAR0030,,,
RDC02534,TAR0030,,,
RDC02535,TAR0030,,,
RDC02536,TAR0030,,,
RDC02537,TAR0030,,,
RDC02538,TAR0111,,,
RDC02538,TAR0117,,,
RDC02539,TAR0030,,,
RDC02540,TAR0030,,,
RDC02541,TAR0030,,,
RDC02542,TAR0030,,,
RDC02543,TAR0030,,,
RDC02544,TAR0030,,,
RDC02546,TAR0030,,,
RDC02547,TAR0030,,,
RDC02548,TAR0030,,,
RDC02549,TAR0030,,,
RDC02551,TAR0030,,,
RDC02552,TAR0030,,,
RDC02556,TAR0030,,,
RDC02557,TAR0030,,,
RDC02558,TAR0030,,,
RDC02560,TAR0030,,,
RDC02561,TAR0030,,,
RDC02562,TAR0030,,,
RDC02563,TAR0116,,,
RDC02565,TAR0008,,,
RDC02566,TAR0008,,,
RDC02567,TAR0008,,,
RDC02568,TAR0008,,,
RDC02569,TAR0008,,,
RDC02570,TAR0008,,,
RDC02572,TAR0008,,,
RDC02573,TAR0008,,,
RDC02574,TAR0008,,,
RDC02575,TAR0008,,,
RDC02577,TAR0008,,,
RDC02578,TAR0008,,,
RDC02579,TAR0016,,,
RDC02580,TAR0008,,,
RDC02581,TAR0008,,,
RDC02582,TAR0008,,,
RDC02584,TAR0008,,,
RDC02585,TAR0008,,,
RDC02586,TAR0008,,,
RDC02587,TAR0008,,,
RDC02588,TAR0008,,,
RDC02589,TAR0008,,,
RDC02590,TAR0047,,,
RDC02592,TAR0047,,,
RDC02593,TAR0047,,,
RDC02594,TAR0047,,,
RDC02595,TAR0047,,,
RDC02596,TAR0047,,,
RDC02597,TAR0047,,,
RDC02598,TAR0047,,,
RDC02599,TAR0047,,,
RDC02600,TAR0047,,,
RDC02601,TAR0047,,,
RDC02602,TAR0047,,,
RDC02611,TAR0001,,,
RDC02613,TAR0011,,,
RDC02617,TAR0112,,,
RDC02618,TAR0113,,,
RDC02619,TAR0113,,,
RDC02620,TAR0114,,,
RDC02621,TAR0021,,,
RDC02622,TAR0113,,,
RDC02624,TAR0030,,,
RDC02625,TAR0021,,,
RDC02626,TAR0021,,,
RDC02627,TAR0113,,,
RDC02628,TAR0021,,,
RDC02631,TAR0033,,,
RDC02631,TAR0029,,,
RDC02632,TAR0033,,,
RDC02632,TAR0029,,,
RDC02634,TAR0033,,,
RDC02635,TAR0033,,,
RDC02636,TAR0033,,,
RDC02637,TAR0033,,,
RDC02638,TAR0033,,,
RDC02639,TAR0033,,,
RDC02640,TAR0033,,,
RDC02641,TAR0033,,,
RDC02642,TAR0033,,,
RDC02643,TAR0033,,,
RDC02644,TAR0033,,,
RDC02646,TAR0035,,,
RDC02647,TAR0033,,,
RDC02648,TAR0033,,,
RDC02649,TAR0033,,,
RDC02651,TAR0033,,,
RDC02652,TAR0071,,,
RDC02653,TAR0054,,,
RDC02654,TAR0033,,,
RDC02655,TAR0071,,,
RDC02656,TAR0054,,,
RDC02657,TAR0033,,,
RDC02659,TAR0033,,,
RDC02660,TAR0054,,,
RDC02661,TAR0033,,,
RDC02662,TAR0071,,,
RDC02663,TAR0072,,,
RDC02668,TAR0073,,,
RDC02669,TAR0033,,,
RDC02670,TAR0073,,,
RDC02671,TAR0033,,,
RDC02672,TAR0033,,,
RDC02673,TAR0073,,,
RDC02674,TAR0033,,,
RDC02675,TAR0073,,,
RDC02676,TAR0033,,,
RDC02678,TAR0033,,,
RDC02679,TAR0033,,,
RDC02680,TAR0033,,,
RDC02681,TAR0033,,,
RDC02682,TAR0033,,,
RDC02685,TAR0033,,,
RDC02687,TAR0070,,,
RDC02688,TAR0033,,,
RDC02689,TAR0033,,,
RDC02690,TAR0070,,,
RDC02691,TAR0070,,,
RDC02693,TAR0033,,,
RDC02694,TAR0033,,,
RDC02695,TAR0033,,,
RDC02696,TAR0033,,,
RDC02696,TAR0075,,,
RDC02697,TAR0070,,,
RDC02698,TAR0033,,,
RDC02700,TAR0033,,,
RDC02701,TAR0033,,,
RDC02707,TAR0033,,,
RDC02708,TAR0033,,,
RDC02710,TAR0033,,,
RDC02711,TAR0033,,,
RDC02712,TAR0033,,,
RDC02713,TAR0033,,,
RDC02714,TAR0033,,,
RDC02715,TAR0033,,,
RDC00030,TAR0003,,,
RDC00031,TAR0003,,,
RDC00032,TAR0003,,,
RDC00033,TAR0003,,,
RDC00034,TAR0003,,,
RDC00035,TAR0003,,,
RDC00036,TAR0003,,,
RDC00037,TAR0003,,,
RDC00038,TAR0003,,,
RDC00039,TAR0003,,,
RDC00040,TAR0003,,,
RDC00041,TAR0003,,,
RDC00042,TAR0003,,,
RDC00043,TAR0003,,,
RDC00044,TAR0003,,,
RDC00045,TAR0003,,,
RDC00046,TAR0003,,,
RDC00047,TAR0003,,,
RDC00048,TAR0003,,,
RDC00049,TAR0003,,,
RDC00050,TAR0003,,,
RDC00051,TAR0003,,,
RDC00053,TAR0003,,,
RDC00054,TAR0003,,,
RDC00055,TAR0003,,,
RDC00056,TAR0003,,,
RDC00058,TAR0003,,,
RDC00059,TAR0003,,,
RDC00060,TAR0003,,,
RDC00061,TAR0003,,,
RDC00062,TAR0003,,,
RDC00063,TAR0003,,,
RDC00064,TAR0003,,,
RDC00065,TAR0003,,,
RDC00066,TAR0003,,,
RDC00067,TAR0003,,,
RDC00068,TAR0003,,,
RDC00069,TAR0003,,,
RDC00070,TAR0003,,,
RDC00071,TAR0003,,,
RDC00072,TAR0003,,,
RDC00073,TAR0003,,,
RDC00074,TAR0003,,,
RDC00075,TAR0001,,,
RDC00076,TAR0003,,,
RDC00077,TAR0003,,,
RDC00078,TAR0003,,,
RDC00079,TAR0003,,,
RDC00080,TAR0003,,,
RDC00081,TAR0003,,,
RDC00082,TAR0003,,,
RDC00083,TAR0003,,,
RDC00084,TAR0003,,,
RDC00087,TAR0003,,,
RDC00093,TAR0003,,,
RDC00094,TAR0003,,,
RDC00095,TAR0003,,,
RDC00096,TAR0003,,,
RDC00097,TAR0003,,,
RDC00098,TAR0003,,,
RDC00099,TAR0003,,,
RDC00872,TAR0003,,,
RDC00873,TAR0003,,,
RDC00874,TAR0003,,,
RDC00875,TAR0003,,,
RDC00876,TAR0003,,,
RDC00877,TAR0003,,,
RDC00878,TAR0003,,,
RDC00879,TAR0003,,,
RDC00880,TAR0003,,,
RDC00881,TAR0003,,,
RDC00882,TAR0003,,,
RDC00883,TAR0003,,,
RDC00884,TAR0003,,,
RDC00885,TAR0003,,,
RDC00886,TAR0001,,,
RDC00886,TAR0003,,,
RDC00887,TAR0003,,,
RDC00888,TAR0003,,,
RDC00889,TAR0003,,,
RDC00890,TAR0003,,,
RDC00891,TAR0003,,,
RDC00892,TAR0003,,,
RDC00893,TAR0003,,,
RDC00894,TAR0003,,,
RDC00895,TAR0024,,,
RDC00896,TAR0024,,,
RDC00897,TAR0076,,,
RDC00898,TAR0077,,,
RDC00899,TAR0077,,,
RDC00900,TAR0077,,,
RDC00901,TAR0077,,,
RDC00902,TAR0077,,,
RDC00903,TAR0046,,,
RDC00904,TAR0001,,,
RDC00905,TAR0001,,,
RDC00906,TAR0001,,,
RDC00908,TAR0078,,,
RDC00909,TAR0079,,,
RDC00910,TAR0001,,,
RDC00911,TAR0028,,,
RDC00912,TAR0028,,,
RDC00913,TAR0028,,,
RDC00914,TAR0001,,,
RDC00915,TAR0001,,,
RDC00916,TAR0016,,,
RDC00917,TAR0016,,,
RDC00918,TAR0046,,,
RDC00919,TAR0046,,,
RDC00925,TAR0020,,,
RDC00927,TAR0004,,,
RDC00928,TAR0007,,,
RDC00929,TAR0007,,,
RDC00934,TAR0085,,,
RDC00935,TAR0086,,,
RDC00936,TAR0087,,,
RDC00937,TAR0087,,,
RDC00938,TAR0013,,,
RDC00941,TAR0069,,,
RDC00942,TAR0005,,,
RDC00943,TAR0102,,,
RDC00944,TAR0103,,,
RDC00945,TAR0103,,,
RDC00946,TAR0104,,,
RDC00947,TAR0105,,,
RDC00948,TAR0029,,,
RDC00949,TAR0029,,,
RDC00950,TAR0029,,,
RDC00951,TAR0005,,,
RDC00952,TAR0003,,,
RDC00953,TAR0003,,,
RDC00954,TAR0003,,,
RDC00955,TAR0003,,,
RDC00956,TAR0003,,,
RDC00957,TAR0003,,,
RDC00958,TAR0003,,,
RDC00959,TAR0003,,,
RDC00960,TAR0003,,,
RDC00961,TAR0101,,,
RDC00962,TAR0101,,,
RDC00963,TAR0099,,,
RDC00964,TAR0099,,,
RDC00965,TAR0099,,,
RDC00966,TAR0099,,,
RDC00967,TAR0099,,,
RDC00969,TAR0068,,,
RDC00970,TAR0068,,,
RDC00971,TAR0068,,,
RDC00972,TAR0068,,,
RDC00973,TAR0021,,,
RDC00976,TAR0097,,,
RDC00977,TAR0005,,,
RDC00978,TAR0096,,,
RDC00980,TAR0017,,,
RDC00981,TAR0017,,,
RDC00984,TAR0005,,,
RDC00986,TAR0006,,,
RDC00988,TAR0093,,,
RDC00989,TAR0093,,,
RDC00990,TAR0101,,,
RDC00991,TAR0101,,,
RDC00992,TAR0101,,,
RDC00993,TAR0001,,,
RDC00993,TAR0030,,,
RDC00995,TAR0057,,,
RDC00998,TAR0089,,,
RDC00999,TAR0013,,,
RDC01014,TAR0003,,,
RDC01031,TAR0026,,,
RDC02554,TAR0026,,,
RDC02559,TAR0001,,,
RDC01040,TAR0026,,,
RDC01082,TAR0018,,,
RDC01084,TAR0024,,,
RDC01088,TAR0028,,,
RDC00479,TAR0046,,,
RDC01150,TAR0001,,,
RDC01177,TAR0001,,,
RDC02720,TAR0005,,,
RDC02721,TAR0016,,,
RDC02722,TAR0089,,,
RDC02723,TAR0136,,,
RDC02724,TAR0064,,,
RDC02725,TAR0001,,,
RDC02727,TAR0050,,,
RDC02728,TAR0001,,,
RDC02729,TAR0007,,,
RDC02730,TAR0091,,,
RDC02731,TAR0129,,,
RDC02732,TAR0129,,,
RDC02733,TAR0050,,,
RDC02734,TAR0001,,,
RDC02735,TAR0043,,,
RDC02736,TAR0018,,,
RDC02738,TAR0002,,,
RDC02739,TAR0130,,,
RDC02740,TAR0001,,,
RDC02741,TAR0001,,,
RDC02742,TAR0002,,,
RDC02743,TAR0002,,,
RDC02744,TAR0030,,,
RDC02745,TAR0003,,,
RDC02747,TAR0131,,,
RDC02748,TAR0132,,,
RDC02749,TAR0003,,,
RDC02750,TAR0003,,,
RDC02751,TAR0016,,,
RDC02752,TAR0011,,,
RDC02753,TAR0121,,,
RDC02754,TAR0002,,,
RDC02755,TAR0016,,,
RDC02756,TAR0002,,,
RDC02757,TAR0024,,,
RDC02758,TAR0024,,,
RDC02759,TAR0134,,,
RDC02760,TAR0134,,,
RDC02762,TAR0127,,,
RDC02763,TAR0127,,,
RDC02764,TAR0001,,,
RDC02765,TAR0001,,,
RDC02766,TAR0001,,,
RDC02767,TAR0003,,,
RDC02768,TAR0001,,,
RDC02769,TAR0024,,,
RDC02770,TAR0131,,,
RDC02771,TAR0021,,,
RDC02772,TAR0004,,,
RDC02773,TAR0089,,,
RDC02774,TAR0003,,,
RDC02775,TAR0003,,,
RDC02776,TAR0003,,,
RDC02777,TAR0003,,,
RDC02778,TAR0018,,,
RDC02779,TAR0018,,,
RDC02780,TAR0018,,,
RDC02781,TAR0135,,,
RDC02782,TAR0135,,,
RDC02783,TAR0007,,,
RDC02784,TAR0007,,,
RDC02785,TAR0001,,,
RDC02786,TAR0001,,,
RDC02787,TAR0003,,,
RDC02788,TAR0003,,,
RDC02789,TAR0007,,,
RDC02790,TAR0127,,,
RDC02791,TAR0028,,,
RDC02792,TAR0028,,,
RDC02793,TAR0001,,,
RDC02794,TAR0001,,,
RDC02795,TAR0001,,,
RDC02796,TAR0001,,,
RDC02797,TAR0127,,,
RDC02798,TAR0127,,,
RDC02799,TAR0127,,,
RDC02800,TAR0127,,,
RDC02802,TAR0003,,,
RDC02803,TAR0003,,,
RDC02817,TAR0002,,,
RDC02818,TAR0001,,,
RDC02819,TAR0001,,,
RDC02820,TAR0002,,,
RDC02821,TAR0003,,,
RDC02822,TAR0003,,,
RDC02824,TAR0001,,,
RDC02825,TAR0001,,,
RDC02826,TAR0002,,,
RDC02828,TAR0028,,,
RDC02829,TAR0028,,,
RDC02830,TAR0028,,,
RDC02834,TAR0127,,,
RDC02835,TAR0127,,,
RDC02836,TAR0005,,,
RDC02837,TAR0016,,,
RDC02838,TAR0016,,,
RDC02841,TAR0001,,,
RDC02842,TAR0001,,,
RDC02843,TAR0001,,,
RDC02844,TAR0001,,,
RDC02845,TAR0003,,,
RDC02846,TAR0004,,,
RDC02849,TAR0001,,,
RDC02850,TAR0001,,,
RDC02851,TAR0001,,,
RDC02852,TAR0001,,,
RDC02853,TAR0001,,,
RDC02854,TAR0001,,,
RDC02855,TAR0001,,,
RDC02856,TAR0001,,,
RDC02857,TAR0001,,,
RDC02859,TAR0001,,,
RDC02860,TAR0001,,,
RDC02702,TAR0127,,,
RDC02703,TAR0127,,,
RDC00007,TAR0001,,,
RDC00008,TAR0001,,,
RDC00009,TAR0001,,,
RDC00010,TAR0001,,,
RDC00014,TAR0001,,,
RDC00015,TAR0001,,,
RDC00019,TAR0001,,,
RDC00020,TAR0001,,,
RDC00023,TAR0001,,,
